project_id,project_name,project_type,description,location,contractor,project_manager,budget_allocated,budget_used,funding_source,status,start_date,expected_end_date,actual_end_date,completion_percentage,last_inspection_date,inspection_status,maintenance_required,last_maintenance_date,next_maintenance_date,document_status,remarks,created_at,updated_at
P0001,Water Supply System Improvement Dasmariñas,Water System,Development and improvement of public water facilities for communities in Dasmariñas.,"Dasmariñas, Cavite",Cavite Prime Construction Corp.,Engr. Angela Cruz,16047000,15745000,Calabarzon Development Fund,Completed,2024-09-07,2025-04-29,2025-01-10,100.0,2026-03-19,Passed,False,2025-02-09,2027-01-14,Complete,Final inspection completed successfully.,2024-06-28,2026-03-06
P0002,Water Distribution Network Naic,Water System,Development and improvement of public water facilities for communities in Naic.,"Naic, Cavite",South Luzon Infrastructure Builders,Engr. Daniel Bautista,18040000,17201000,Local Government Fund,Ongoing,2025-04-04,2026-05-30,,95.0,2025-09-14,Passed,False,,,Complete,Work is currently ongoing.,2025-02-13,2025-05-28
P0003,Stormwater Drainage Project Rosario,Drainage,Construction and improvement of drainage infrastructure to reduce localized flooding in Rosario.,"Rosario, Cavite",Greenfield Engineering and Construction,Engr. Roberto Garcia,14677000,13380000,Local Government Fund,Ongoing,2024-02-14,2025-02-03,,95.0,2025-09-01,Passed,False,,,Under Review,Work is currently ongoing.,2024-01-30,2024-03-16
P0004,Bridge Rehabilitation Kawit,Bridge,Structural repair and improvement of bridge facilities serving communities in Kawit.,"Kawit, Cavite",Provincial Builders and Engineering,Engr. Roberto Garcia,24211000,22848000,Calabarzon Development Fund,Ongoing,2025-10-12,2026-08-14,,95.0,2026-09-26,Passed,False,,,Complete,Work is currently ongoing.,2025-09-15,2026-05-09
P0005,Water Distribution Network General Trias,Water System,Development and improvement of public water facilities for communities in General Trias.,"General Trias, Cavite",Southern Star Construction Corp.,Engr. Carlo Mendoza,17327000,17268000,Department of Public Works and Highways,Completed,2026-05-13,2026-10-08,2026-08-25,100.0,2026-08-23,Passed,False,2026-09-14,2027-03-16,Archived,Infrastructure is operational.,2026-03-17,2026-08-28
P0006,Bridge Rehabilitation Carmona,Bridge,Structural repair and improvement of bridge facilities serving communities in Carmona.,"Carmona, Cavite",MetroBuild Construction Services,Engr. Daniel Bautista,45913000,43522000,Special Infrastructure Fund,Completed,2024-09-26,2025-11-19,2025-08-01,100.0,2025-05-08,Needs Corrective Action,True,2026-04-10,2027-01-13,Complete,Project completed according to approved plans.,2024-08-31,2026-06-04
P0007,Road Improvement Kawit,Road,Rehabilitation and improvement of existing road facilities in Kawit.,"Kawit, Cavite",Provincial Builders and Engineering,Engr. Carlo Mendoza,24422000,24502000,Local Development Fund,Completed,2025-04-24,2026-05-19,2025-11-28,100.0,2025-05-05,Passed,True,2026-08-29,2027-04-13,Archived,Project turned over to the local government.,2025-04-03,2026-01-28
P0008,Road Resurfacing Naic,Road,Rehabilitation and improvement of existing road facilities in Naic.,"Naic, Cavite",Southern Star Construction Corp.,Engr. Adrian Santos,10969000,10713000,Local Government Fund,Completed,2025-06-03,2025-11-24,2025-11-20,100.0,2026-04-10,Passed,False,2026-02-10,2027-08-31,Archived,Project completed according to approved plans.,2025-03-12,2026-02-06
P0009,Stormwater Drainage Project General Trias,Drainage,Construction and improvement of drainage infrastructure to reduce localized flooding in General Trias.,"General Trias, Cavite",MetroBuild Construction Services,Engr. Roberto Garcia,11783000,288000,Special Infrastructure Fund,Planning,2027-02-23,2027-07-13,,0.0,,Not Yet Inspected,False,,,Complete,Awaiting final approval and funding allocation.,2026-09-29,2026-09-29
P0010,Riverbank Protection Project General Trias,Flood Control,Construction of flood mitigation infrastructure to protect communities in General Trias.,"General Trias, Cavite",Cavite Infrastructure Solutions,Engr. Adrian Santos,25167000,16798000,Special Infrastructure Fund,Delayed,2026-02-12,2026-09-22,,64.0,2026-05-18,Passed,False,,,Complete,Construction delayed due to material delivery issues.,2026-01-08,2026-02-09
P0011,Flood Control Improvement Rosario,Flood Control,Construction of flood mitigation infrastructure to protect communities in Rosario.,"Rosario, Cavite",MetroBuild Construction Services,Engr. Sofia Navarro,14224000,12424000,National Government Fund,Ongoing,2024-03-13,2025-05-30,,95.0,2025-02-14,Passed,False,,,Pending Documents,Project is undergoing regular monitoring.,2024-02-08,2025-08-13
P0012,Municipal Building Renovation General Trias,Building,Construction or renovation of a public facility to improve government services in General Trias.,"General Trias, Cavite",Cavite Infrastructure Solutions,Engr. Maria Reyes,19100000,495000,National Government Fund,Planning,2027-01-19,2027-08-17,,5.0,,Not Yet Inspected,False,,,Under Preparation,Project proposal under evaluation.,2026-09-29,2026-09-29
P0013,Bridge Rehabilitation Naic,Bridge,Structural repair and improvement of bridge facilities serving communities in Naic.,"Naic, Cavite",Cavite Prime Construction Corp.,Engr. Maria Reyes,19992000,19423000,National Government Fund,Ongoing,2025-03-08,2025-10-07,,95.0,2026-06-04,For Review,False,,,Complete,Construction progressing according to schedule.,2024-12-08,2026-06-14
P0014,Bridge Repair Tanza,Bridge,Structural repair and improvement of bridge facilities serving communities in Tanza.,"Tanza, Cavite",Southern Star Construction Corp.,Engr. Carlo Mendoza,16585000,5711000,National Government Fund,Ongoing,2026-06-04,2027-04-25,,42.4,2026-07-23,Passed,False,,,Under Review,Construction activities are proceeding normally.,2026-04-04,2026-09-29
P0015,Drainage Improvement Dasmariñas,Drainage,Construction and improvement of drainage infrastructure to reduce localized flooding in Dasmariñas.,"Dasmariñas, Cavite",South Luzon Infrastructure Builders,Engr. Angela Cruz,6763000,6127000,Local Development Fund,Completed,2025-07-09,2025-12-07,2025-11-23,100.0,2026-03-10,Passed,False,2026-02-11,2026-12-27,Archived,Project completed according to approved plans.,2025-06-09,2025-07-14
P0016,Road Widening Rosario,Road,Rehabilitation and improvement of existing road facilities in Rosario.,"Rosario, Cavite",Luzon Development Contractors,Engr. Sofia Navarro,18147000,17563000,Department of Public Works and Highways,Completed,2025-09-26,2026-03-06,2026-02-16,100.0,2026-03-06,Needs Corrective Action,False,2026-08-18,2027-05-07,Complete,Project turned over to the local government.,2025-07-31,2025-10-06
P0017,Road Rehabilitation Tanza,Road,Rehabilitation and improvement of existing road facilities in Tanza.,"Tanza, Cavite",Luzon Development Contractors,Engr. Adrian Santos,15753000,15134000,Calabarzon Development Fund,Completed,2025-07-30,2026-01-17,2025-11-06,100.0,2025-10-05,Needs Corrective Action,False,2026-03-11,2027-06-05,Complete,Final inspection completed successfully.,2025-05-28,2026-07-28
P0018,Riverbank Protection Project Trece Martires,Flood Control,Construction of flood mitigation infrastructure to protect communities in Trece Martires.,"Trece Martires, Cavite",Southern Star Construction Corp.,Engr. Roberto Garcia,41361000,22698000,Local Government Fund,Ongoing,2026-06-18,2026-12-23,,51.0,2026-07-07,Passed,False,,,Pending Documents,Construction activities are proceeding normally.,2026-05-16,2026-07-22
P0019,Road Improvement Silang,Road,Rehabilitation and improvement of existing road facilities in Silang.,"Silang, Cavite",South Luzon Infrastructure Builders,Engr. Maria Reyes,8232000,109000,Calabarzon Development Fund,Planning,2026-12-25,2027-05-27,,0.0,,Not Yet Inspected,False,,,Complete,Procurement documents are under preparation.,2026-09-29,2026-09-29
P0020,Bridge Improvement Dasmariñas,Bridge,Structural repair and improvement of bridge facilities serving communities in Dasmariñas.,"Dasmariñas, Cavite",South Luzon Infrastructure Builders,Engr. Patricia Ramos,27191000,24608000,Special Infrastructure Fund,Completed,2025-08-19,2026-09-25,2026-01-31,100.0,2026-02-21,For Review,False,2026-09-08,2026-12-18,Complete,Final inspection completed successfully.,2025-07-12,2026-06-18
P0021,Public School Building Construction Carmona,Building,Construction or renovation of a public facility to improve government services in Carmona.,"Carmona, Cavite",MetroBuild Construction Services,Engr. Maria Reyes,34358000,10848000,Local Development Fund,Ongoing,2026-08-10,2027-04-08,,26.6,2026-09-05,Passed,False,,,Under Review,Project is undergoing regular monitoring.,2026-07-03,2026-08-06
P0022,Road Improvement General Trias,Road,Rehabilitation and improvement of existing road facilities in General Trias.,"General Trias, Cavite",Cavite Infrastructure Solutions,Engr. Daniel Bautista,21411000,4505000,Calabarzon Development Fund,Ongoing,2026-07-29,2027-07-19,,15.1,2026-08-12,Passed,False,,,Under Review,Construction activities are proceeding normally.,2026-07-14,2026-08-18
P0023,Riverbank Protection Project Dasmariñas,Flood Control,Construction of flood mitigation infrastructure to protect communities in Dasmariñas.,"Dasmariñas, Cavite",South Luzon Infrastructure Builders,Engr. Daniel Bautista,44457000,38865000,Special Infrastructure Fund,Ongoing,2024-09-24,2025-04-23,,95.0,2026-05-27,Passed,False,,,Under Review,Project is undergoing regular monitoring.,2024-07-02,2025-12-07
P0024,Bridge Repair Dasmariñas,Bridge,Structural repair and improvement of bridge facilities serving communities in Dasmariñas.,"Dasmariñas, Cavite",Luzon Development Contractors,Engr. Daniel Bautista,37474000,37955000,Department of Public Works and Highways,Completed,2024-01-02,2025-01-22,2025-01-01,100.0,2026-01-25,Passed,False,2025-03-13,2027-05-16,Archived,Project turned over to the local government.,2023-12-11,2025-08-17
P0025,Public Market Renovation Naic,Building,Construction or renovation of a public facility to improve government services in Naic.,"Naic, Cavite",Cavite Infrastructure Solutions,Engr. Sofia Navarro,32376000,30359000,Local Development Fund,Ongoing,2025-03-06,2026-01-14,,95.0,2026-01-08,Passed,False,,,Under Review,Construction activities are proceeding normally.,2025-02-01,2026-04-17
P0026,Public Health Center Construction Naic,Building,Construction or renovation of a public facility to improve government services in Naic.,"Naic, Cavite",Greenfield Engineering and Construction,Engr. Carlo Mendoza,15662000,6895000,Local Government Fund,Ongoing,2026-07-11,2027-02-02,,41.4,2026-09-28,Passed,False,,,Complete,Construction activities are proceeding normally.,2026-06-06,2026-09-17
P0027,Road Widening Tanza,Road,Rehabilitation and improvement of existing road facilities in Tanza.,"Tanza, Cavite",Provincial Builders and Engineering,Engr. Angela Cruz,13289000,12964000,National Government Fund,Completed,2026-02-25,2026-08-01,2026-07-23,100.0,2026-04-15,Passed,False,2026-09-12,2027-04-01,Complete,Project completed according to approved plans.,2026-02-05,2026-08-23
P0028,Water Distribution Network Tanza,Water System,Development and improvement of public water facilities for communities in Tanza.,"Tanza, Cavite",Southern Star Construction Corp.,Engr. Carlo Mendoza,7000000,98000,Calabarzon Development Fund,Planning,2026-12-03,2027-05-03,,5.0,,Not Yet Inspected,False,,,Complete,Technical plans are being prepared.,2026-09-29,2026-09-29
P0029,Municipal Building Renovation Silang,Building,Construction or renovation of a public facility to improve government services in Silang.,"Silang, Cavite",South Luzon Infrastructure Builders,Engr. Carlo Mendoza,28677000,27603000,National Government Fund,Completed,2026-05-10,2027-07-30,2026-12-27,100.0,2026-07-10,Passed,True,2026-12-27,2027-04-23,Complete,Project turned over to the local government.,2026-03-22,2026-06-11
P0030,Bridge Repair Carmona,Bridge,Structural repair and improvement of bridge facilities serving communities in Carmona.,"Carmona, Cavite",Southern Star Construction Corp.,Engr. Adrian Santos,23235000,21405000,Department of Public Works and Highways,Ongoing,2024-08-07,2025-01-06,,95.0,2024-10-09,Passed,False,,,Pending Documents,Construction progressing according to schedule.,2024-05-19,2025-06-12
P0031,Stormwater Drainage Project Kawit,Drainage,Construction and improvement of drainage infrastructure to reduce localized flooding in Kawit.,"Kawit, Cavite",MetroBuild Construction Services,Engr. Adrian Santos,13774000,9272000,Local Development Fund,Ongoing,2026-01-22,2027-02-25,,67.5,2026-04-01,Passed,True,,,Under Review,Project is undergoing regular monitoring.,2025-12-25,2026-08-21
P0032,Flood Mitigation Project Trece Martires,Flood Control,Construction of flood mitigation infrastructure to protect communities in Trece Martires.,"Trece Martires, Cavite",Cavite Infrastructure Solutions,Engr. Daniel Bautista,17997000,140000,Department of Public Works and Highways,Planning,2027-01-18,2027-06-21,,5.0,,Not Yet Inspected,False,,,Pending Approval,Awaiting final approval and funding allocation.,2026-09-29,2026-09-29
P0033,Public Market Renovation Imus,Building,Construction or renovation of a public facility to improve government services in Imus.,"Imus, Cavite",MetroBuild Construction Services,Engr. Angela Cruz,33702000,16105000,National Government Fund,Ongoing,2026-02-06,2027-03-09,,52.2,2026-02-23,For Review,False,,,Complete,Work is currently ongoing.,2026-01-05,2026-01-15
P0034,Barangay Hall Construction Rosario,Building,Construction or renovation of a public facility to improve government services in Rosario.,"Rosario, Cavite",Luzon Development Contractors,Engr. Daniel Bautista,12530000,8735000,Local Development Fund,Delayed,2025-04-21,2025-12-28,,68.0,2025-08-16,For Review,False,,,Under Review,Project delayed due to weather conditions.,2025-01-30,2025-02-25
P0035,Water Supply System Improvement Imus,Water System,Development and improvement of public water facilities for communities in Imus.,"Imus, Cavite",Cavite Infrastructure Solutions,Engr. Adrian Santos,6529000,6481000,Local Development Fund,Completed,2026-04-30,2027-07-15,2026-11-30,100.0,2026-05-30,For Review,False,2026-11-30,2026-12-19,Complete,Infrastructure is operational.,2026-03-07,2026-03-24
P0036,Barangay Hall Construction Kawit,Building,Construction or renovation of a public facility to improve government services in Kawit.,"Kawit, Cavite",Luzon Development Contractors,Engr. Patricia Ramos,19758000,11408000,National Government Fund,Delayed,2025-10-12,2026-10-02,,54.0,2026-09-10,Passed,False,,,Pending Documents,Project schedule extended due to site conditions.,2025-08-07,2026-03-18
P0037,Road Resurfacing Tanza,Road,Rehabilitation and improvement of existing road facilities in Tanza.,"Tanza, Cavite",Cavite Prime Construction Corp.,Engr. Angela Cruz,12580000,10984000,Local Government Fund,Ongoing,2025-04-20,2026-06-05,,95.0,2026-03-18,Passed,False,,,Under Review,Construction activities are proceeding normally.,2025-03-09,2025-12-16
P0038,Bridge Improvement Kawit,Bridge,Structural repair and improvement of bridge facilities serving communities in Kawit.,"Kawit, Cavite",Southern Star Construction Corp.,Engr. Patricia Ramos,35836000,33112000,Local Development Fund,Ongoing,2026-02-15,2026-10-16,,95.0,2026-09-05,Passed,False,,,Under Review,Work is currently ongoing.,2025-12-31,2026-07-07
P0039,Water Distribution Network Tagaytay,Water System,Development and improvement of public water facilities for communities in Tagaytay.,"Tagaytay, Cavite",Southern Star Construction Corp.,Engr. Roberto Garcia,8458000,8030000,Calabarzon Development Fund,Ongoing,2025-04-09,2025-12-23,,95.0,2026-02-26,Passed,False,,,Pending Documents,Work is currently ongoing.,2025-03-09,2025-10-16
P0040,Flood Mitigation Project Rosario,Flood Control,Construction of flood mitigation infrastructure to protect communities in Rosario.,"Rosario, Cavite",Southern Star Construction Corp.,Engr. Maria Reyes,23909000,21596000,Local Government Fund,Ongoing,2024-04-12,2024-11-17,,95.0,2026-04-07,Passed,False,,,Complete,Construction activities are proceeding normally.,2024-03-20,2026-01-02
P0041,Riverbank Protection Project Tanza,Flood Control,Construction of flood mitigation infrastructure to protect communities in Tanza.,"Tanza, Cavite",Luzon Development Contractors,Engr. Maria Reyes,20332000,19616000,National Government Fund,Ongoing,2024-12-14,2025-07-16,,95.0,2025-04-09,For Review,False,,,Complete,Construction progressing according to schedule.,2024-11-18,2025-04-19
P0042,Road Improvement Rosario,Road,Rehabilitation and improvement of existing road facilities in Rosario.,"Rosario, Cavite",South Luzon Infrastructure Builders,Engr. Angela Cruz,12608000,12722000,Calabarzon Development Fund,Completed,2025-09-25,2026-05-18,2026-05-06,100.0,2026-02-24,For Review,False,2026-07-23,2027-09-15,Archived,Project completed according to approved plans.,2025-07-02,2026-07-15
P0043,Bridge Repair Trece Martires,Bridge,Structural repair and improvement of bridge facilities serving communities in Trece Martires.,"Trece Martires, Cavite",Greenfield Engineering and Construction,Engr. Roberto Garcia,16261000,199000,Calabarzon Development Fund,Planning,2026-12-01,2027-05-14,,0.0,,Not Yet Inspected,False,,,Complete,Procurement documents are under preparation.,2026-09-29,2026-09-29
P0044,Flood Control Drainage Tanza,Drainage,Construction and improvement of drainage infrastructure to reduce localized flooding in Tanza.,"Tanza, Cavite",South Luzon Infrastructure Builders,Engr. Adrian Santos,8102000,132000,National Government Fund,Planning,2026-11-29,2027-06-04,,0.0,,Not Yet Inspected,False,,,Complete,Awaiting final approval and funding allocation.,2026-09-29,2026-09-29
P0045,Flood Control Drainage Carmona,Drainage,Construction and improvement of drainage infrastructure to reduce localized flooding in Carmona.,"Carmona, Cavite",Cavite Prime Construction Corp.,Engr. Daniel Bautista,4492000,4414000,Calabarzon Development Fund,Completed,2026-08-01,2027-04-25,2027-02-19,100.0,2026-09-14,Passed,False,2027-02-19,2027-08-31,Complete,Infrastructure is operational.,2026-07-15,2026-09-29
P0046,Flood Control Drainage Silang,Drainage,Construction and improvement of drainage infrastructure to reduce localized flooding in Silang.,"Silang, Cavite",Southern Star Construction Corp.,Engr. Roberto Garcia,14995000,302000,National Government Fund,Planning,2026-11-28,2027-09-16,,0.0,,Not Yet Inspected,False,,,Pending Approval,Project proposal under evaluation.,2026-09-29,2026-09-29
P0047,Riverbank Protection Project Trece Martires,Flood Control,Construction of flood mitigation infrastructure to protect communities in Trece Martires.,"Trece Martires, Cavite",Provincial Builders and Engineering,Engr. Adrian Santos,23483000,22074000,Local Development Fund,Completed,2026-09-19,2027-03-04,2027-02-16,100.0,2026-09-29,Passed,True,2027-02-16,2027-06-26,Archived,Infrastructure is operational.,2026-08-07,2026-09-18
P0048,Road Resurfacing Silang,Road,Rehabilitation and improvement of existing road facilities in Silang.,"Silang, Cavite",Southern Star Construction Corp.,Engr. Adrian Santos,21499000,13462000,National Government Fund,Ongoing,2026-03-02,2027-01-22,,70.6,2026-07-18,Passed,True,,,Pending Documents,Construction activities are proceeding normally.,2025-12-06,2026-08-18
P0049,Flood Control Drainage Bacoor,Drainage,Construction and improvement of drainage infrastructure to reduce localized flooding in Bacoor.,"Bacoor, Cavite",South Luzon Infrastructure Builders,Engr. Sofia Navarro,3346000,1810000,Local Government Fund,Delayed,2025-03-24,2026-03-27,,52.0,2025-11-24,Passed,False,,,Complete,Project schedule extended due to site conditions.,2025-03-06,2025-10-22
P0050,Water Supply System Improvement Tanza,Water System,Development and improvement of public water facilities for communities in Tanza.,"Tanza, Cavite",MetroBuild Construction Services,Engr. Maria Reyes,11232000,6932000,Department of Public Works and Highways,Delayed,2024-10-25,2025-11-09,,62.0,2026-02-20,Passed,False,,,Under Review,Construction delayed due to material delivery issues.,2024-08-03,2026-01-05
P0051,Public Market Renovation Naic,Building,Construction or renovation of a public facility to improve government services in Naic.,"Naic, Cavite",Provincial Builders and Engineering,Engr. Sofia Navarro,30612000,28585000,Department of Public Works and Highways,Ongoing,2024-01-03,2024-09-23,,95.0,2025-11-08,Passed,True,,,Pending Documents,Project is undergoing regular monitoring.,2023-11-13,2025-09-23
P0052,Bridge Improvement General Trias,Bridge,Structural repair and improvement of bridge facilities serving communities in General Trias.,"General Trias, Cavite",Cavite Infrastructure Solutions,Engr. Maria Reyes,22727000,21744000,Local Development Fund,Completed,2024-08-27,2025-07-23,2024-12-06,100.0,2025-09-21,Passed,False,2025-05-10,2027-08-08,Complete,Final inspection completed successfully.,2024-06-17,2026-02-11
P0053,Road Improvement Dasmariñas,Road,Rehabilitation and improvement of existing road facilities in Dasmariñas.,"Dasmariñas, Cavite",Cavite Prime Construction Corp.,Engr. Maria Reyes,14390000,14625000,National Government Fund,Completed,2025-02-23,2025-09-10,2025-06-02,100.0,2026-02-04,Passed,False,2025-07-13,2027-05-15,Archived,Infrastructure is operational.,2025-01-07,2026-05-21
P0054,Water Distribution Network Silang,Water System,Development and improvement of public water facilities for communities in Silang.,"Silang, Cavite",Cavite Infrastructure Solutions,Engr. Adrian Santos,19675000,14986000,Department of Public Works and Highways,Delayed,2026-02-03,2026-07-19,,72.0,2026-08-02,For Review,False,,,Pending Documents,Additional corrective work is required.,2026-01-24,2026-02-04
P0055,Stormwater Drainage Project Kawit,Drainage,Construction and improvement of drainage infrastructure to reduce localized flooding in Kawit.,"Kawit, Cavite",Greenfield Engineering and Construction,Engr. Sofia Navarro,12510000,11118000,Calabarzon Development Fund,Ongoing,2025-06-27,2026-05-23,,95.0,2025-08-06,Passed,False,,,Pending Documents,Work is currently ongoing.,2025-04-18,2025-09-11
P0056,Stormwater Drainage Project Silang,Drainage,Construction and improvement of drainage infrastructure to reduce localized flooding in Silang.,"Silang, Cavite",Luzon Development Contractors,Engr. Angela Cruz,11131000,10229000,Local Development Fund,Completed,2026-07-09,2027-07-02,2027-03-03,100.0,2026-09-03,Needs Corrective Action,False,2027-03-03,2027-04-30,Archived,Infrastructure is operational.,2026-05-31,2026-07-28
P0057,Barangay Hall Construction General Trias,Building,Construction or renovation of a public facility to improve government services in General Trias.,"General Trias, Cavite",Luzon Development Contractors,Engr. Angela Cruz,26881000,23451000,Special Infrastructure Fund,Ongoing,2025-01-02,2026-02-20,,95.0,2026-02-11,Passed,False,,,Pending Documents,Construction progressing according to schedule.,2024-10-10,2026-03-02
P0058,Drainage Improvement Trece Martires,Drainage,Construction and improvement of drainage infrastructure to reduce localized flooding in Trece Martires.,"Trece Martires, Cavite",Cavite Infrastructure Solutions,Engr. Daniel Bautista,13841000,13026000,National Government Fund,Ongoing,2024-09-13,2025-03-22,,95.0,2025-07-26,For Review,True,,,Under Review,Work is currently ongoing.,2024-08-26,2025-06-24
P0059,Bridge Rehabilitation Naic,Bridge,Structural repair and improvement of bridge facilities serving communities in Naic.,"Naic, Cavite",Greenfield Engineering and Construction,Engr. Daniel Bautista,46539000,46523000,Special Infrastructure Fund,Completed,2025-01-09,2026-02-04,2025-12-21,100.0,2025-09-29,For Review,False,2026-05-21,2027-05-20,Complete,Infrastructure is operational.,2024-12-24,2025-05-17
P0060,Drainage Improvement Kawit,Drainage,Construction and improvement of drainage infrastructure to reduce localized flooding in Kawit.,"Kawit, Cavite",South Luzon Infrastructure Builders,Engr. Angela Cruz,7423000,167000,Local Development Fund,Planning,2027-02-15,2027-07-16,,5.0,,Not Yet Inspected,False,,,Pending Approval,Procurement documents are under preparation.,2026-09-29,2026-09-29
P0061,Road Resurfacing Rosario,Road,Rehabilitation and improvement of existing road facilities in Rosario.,"Rosario, Cavite",South Luzon Infrastructure Builders,Engr. Angela Cruz,23188000,20944000,Special Infrastructure Fund,Ongoing,2024-03-05,2025-05-24,,95.0,2025-04-27,Passed,True,,,Complete,Construction activities are proceeding normally.,2023-12-26,2024-04-22
P0062,Bridge Repair Tanza,Bridge,Structural repair and improvement of bridge facilities serving communities in Tanza.,"Tanza, Cavite",Cavite Infrastructure Solutions,Engr. Angela Cruz,39691000,2782000,Local Development Fund,Ongoing,2026-08-30,2027-09-30,,10.0,2026-09-12,Passed,False,,,Pending Documents,Project is undergoing regular monitoring.,2026-07-19,2026-07-23
P0063,Public Health Center Construction Tagaytay,Building,Construction or renovation of a public facility to improve government services in Tagaytay.,"Tagaytay, Cavite",Cavite Prime Construction Corp.,Engr. Adrian Santos,9635000,80000,Department of Public Works and Highways,Planning,2027-01-03,2027-09-19,,0.0,,Not Yet Inspected,False,,,Under Preparation,Procurement documents are under preparation.,2026-09-29,2026-09-29
P0064,Bridge Rehabilitation Rosario,Bridge,Structural repair and improvement of bridge facilities serving communities in Rosario.,"Rosario, Cavite",MetroBuild Construction Services,Engr. Roberto Garcia,18638000,7309000,National Government Fund,Ongoing,2026-04-29,2027-06-06,,33.3,2026-07-22,For Review,False,,,Pending Documents,Construction progressing according to schedule.,2026-03-18,2026-04-24
P0065,Road Rehabilitation Bacoor,Road,Rehabilitation and improvement of existing road facilities in Bacoor.,"Bacoor, Cavite",South Luzon Infrastructure Builders,Engr. Sofia Navarro,5316000,42000,Local Development Fund,Planning,2026-11-30,2027-08-27,,0.0,,Not Yet Inspected,False,,,Under Preparation,Procurement documents are under preparation.,2026-09-17,2026-09-18
P0066,Flood Control Drainage Rosario,Drainage,Construction and improvement of drainage infrastructure to reduce localized flooding in Rosario.,"Rosario, Cavite",Provincial Builders and Engineering,Engr. Daniel Bautista,3520000,3366000,Calabarzon Development Fund,Ongoing,2025-05-30,2026-01-18,,95.0,2026-08-16,Passed,False,,,Pending Documents,Construction progressing according to schedule.,2025-05-16,2026-01-16
P0067,Road Improvement Carmona,Road,Rehabilitation and improvement of existing road facilities in Carmona.,"Carmona, Cavite",Luzon Development Contractors,Engr. Sofia Navarro,17166000,9965000,Special Infrastructure Fund,Delayed,2024-03-16,2024-08-24,,65.0,2024-12-22,Passed,False,,,Pending Documents,Additional corrective work is required.,2024-01-21,2025-09-23
P0068,Riverbank Protection Project Imus,Flood Control,Construction of flood mitigation infrastructure to protect communities in Imus.,"Imus, Cavite",Luzon Development Contractors,Engr. Patricia Ramos,26192000,26364000,National Government Fund,Completed,2024-04-27,2025-06-03,2024-11-13,100.0,2025-06-24,Passed,False,2026-01-12,2027-01-15,Complete,Infrastructure is operational.,2024-03-11,2026-01-21
P0069,Community Water System Imus,Water System,Development and improvement of public water facilities for communities in Imus.,"Imus, Cavite",Cavite Infrastructure Solutions,Engr. Maria Reyes,6448000,143000,Local Development Fund,Planning,2026-10-22,2027-03-14,,5.0,,Not Yet Inspected,False,,,Under Preparation,Project proposal under evaluation.,2026-08-01,2026-09-05
P0070,Flood Control Drainage Kawit,Drainage,Construction and improvement of drainage infrastructure to reduce localized flooding in Kawit.,"Kawit, Cavite",Greenfield Engineering and Construction,Engr. Daniel Bautista,10205000,9615000,Special Infrastructure Fund,Completed,2026-01-08,2026-06-03,2026-04-26,100.0,2026-09-24,Passed,False,2026-06-22,2027-01-22,Complete,Project turned over to the local government.,2025-12-18,2026-05-09
P0071,Flood Mitigation Project Trece Martires,Flood Control,Construction of flood mitigation infrastructure to protect communities in Trece Martires.,"Trece Martires, Cavite",Provincial Builders and Engineering,Engr. Maria Reyes,39372000,36698000,National Government Fund,Completed,2024-01-27,2025-04-02,2025-03-28,100.0,2024-07-29,Passed,False,2026-03-10,2027-05-26,Complete,Final inspection completed successfully.,2024-01-02,2025-08-03
P0072,Water Distribution Network Dasmariñas,Water System,Development and improvement of public water facilities for communities in Dasmariñas.,"Dasmariñas, Cavite",Cavite Prime Construction Corp.,Engr. Carlo Mendoza,11297000,116000,National Government Fund,Planning,2027-02-13,2027-08-07,,5.0,,Not Yet Inspected,False,,,Pending Approval,Technical plans are being prepared.,2026-09-29,2026-09-29
P0073,Flood Control Improvement Trece Martires,Flood Control,Construction of flood mitigation infrastructure to protect communities in Trece Martires.,"Trece Martires, Cavite",Cavite Infrastructure Solutions,Engr. Daniel Bautista,28027000,372000,Local Government Fund,Planning,2027-01-22,2027-11-07,,5.0,,Not Yet Inspected,False,,,Pending Approval,Awaiting final approval and funding allocation.,2026-09-29,2026-09-29
P0074,Flood Control Drainage Trece Martires,Drainage,Construction and improvement of drainage infrastructure to reduce localized flooding in Trece Martires.,"Trece Martires, Cavite",Cavite Prime Construction Corp.,Engr. Sofia Navarro,5646000,5748000,Calabarzon Development Fund,Completed,2025-06-23,2026-03-27,2025-10-02,100.0,2025-07-21,Passed,False,2026-01-18,2027-02-06,Complete,Project turned over to the local government.,2025-05-06,2025-09-05
P0075,Public Health Center Construction Bacoor,Building,Construction or renovation of a public facility to improve government services in Bacoor.,"Bacoor, Cavite",Cavite Infrastructure Solutions,Engr. Daniel Bautista,30501000,29241000,Special Infrastructure Fund,Ongoing,2025-12-21,2026-08-15,,95.0,2026-01-26,Passed,False,,,Under Review,Construction progressing according to schedule.,2025-10-17,2025-11-25
P0076,Municipal Building Renovation Silang,Building,Construction or renovation of a public facility to improve government services in Silang.,"Silang, Cavite",South Luzon Infrastructure Builders,Engr. Daniel Bautista,33586000,30920000,Department of Public Works and Highways,Ongoing,2024-01-22,2024-11-03,,95.0,2025-12-28,For Review,True,,,Complete,Work is currently ongoing.,2023-11-21,2026-02-18
P0077,Community Water System General Trias,Water System,Development and improvement of public water facilities for communities in General Trias.,"General Trias, Cavite",MetroBuild Construction Services,Engr. Roberto Garcia,6710000,6214000,National Government Fund,Ongoing,2024-06-21,2024-11-27,,95.0,2026-08-24,Passed,False,,,Pending Documents,Work is currently ongoing.,2024-05-15,2024-08-28
P0078,Bridge Improvement Bacoor,Bridge,Structural repair and improvement of bridge facilities serving communities in Bacoor.,"Bacoor, Cavite",MetroBuild Construction Services,Engr. Sofia Navarro,48052000,46868000,Local Government Fund,Completed,2025-11-02,2026-04-09,2026-02-22,100.0,2026-06-27,For Review,False,2026-06-16,2027-09-13,Archived,Project turned over to the local government.,2025-08-07,2026-01-15
P0079,Municipal Building Renovation Trece Martires,Building,Construction or renovation of a public facility to improve government services in Trece Martires.,"Trece Martires, Cavite",Provincial Builders and Engineering,Engr. Sofia Navarro,21698000,19618000,Special Infrastructure Fund,Ongoing,2024-10-08,2025-12-04,,95.0,2026-01-13,Passed,False,,,Under Review,Construction progressing according to schedule.,2024-07-11,2024-10-11
P0080,Flood Mitigation Project Dasmariñas,Flood Control,Construction of flood mitigation infrastructure to protect communities in Dasmariñas.,"Dasmariñas, Cavite",MetroBuild Construction Services,Engr. Adrian Santos,22610000,9951000,National Government Fund,Ongoing,2026-04-09,2027-05-26,,44.4,2026-05-17,Needs Corrective Action,False,,,Under Review,Construction progressing according to schedule.,2026-01-28,2026-07-12
P0081,Community Water System Tanza,Water System,Development and improvement of public water facilities for communities in Tanza.,"Tanza, Cavite",South Luzon Infrastructure Builders,Engr. Daniel Bautista,18769000,17129000,Department of Public Works and Highways,Ongoing,2025-09-16,2026-04-05,,95.0,2026-03-08,Passed,True,,,Pending Documents,Construction activities are proceeding normally.,2025-09-01,2026-02-16
P0082,Flood Control Drainage Trece Martires,Drainage,Construction and improvement of drainage infrastructure to reduce localized flooding in Trece Martires.,"Trece Martires, Cavite",South Luzon Infrastructure Builders,Engr. Roberto Garcia,3978000,2730000,Special Infrastructure Fund,Delayed,2025-09-09,2026-03-24,,66.0,2026-03-07,Passed,False,,,Pending Documents,Project schedule extended due to site conditions.,2025-08-17,2026-06-17
P0083,Public Market Renovation Bacoor,Building,Construction or renovation of a public facility to improve government services in Bacoor.,"Bacoor, Cavite",MetroBuild Construction Services,Engr. Maria Reyes,25443000,24191000,Department of Public Works and Highways,Completed,2026-04-28,2027-05-22,2026-09-12,100.0,2026-07-29,Passed,False,2026-09-18,2027-05-21,Complete,Final inspection completed successfully.,2026-03-24,2026-04-28
P0084,Road Rehabilitation Trece Martires,Road,Rehabilitation and improvement of existing road facilities in Trece Martires.,"Trece Martires, Cavite",Cavite Infrastructure Solutions,Engr. Angela Cruz,12534000,4850000,Local Development Fund,Ongoing,2026-02-23,2027-05-05,,44.1,2026-09-23,Passed,False,,,Complete,Project is undergoing regular monitoring.,2026-02-11,2026-05-27
P0085,Riverbank Protection Project Carmona,Flood Control,Construction of flood mitigation infrastructure to protect communities in Carmona.,"Carmona, Cavite",Provincial Builders and Engineering,Engr. Carlo Mendoza,22212000,22146000,National Government Fund,Completed,2024-08-27,2025-09-24,2025-03-27,100.0,2025-12-20,For Review,True,2026-06-21,2027-07-22,Complete,Infrastructure is operational.,2024-06-17,2025-12-09
P0086,Flood Control Improvement Silang,Flood Control,Construction of flood mitigation infrastructure to protect communities in Silang.,"Silang, Cavite",Luzon Development Contractors,Engr. Sofia Navarro,35476000,549000,Special Infrastructure Fund,Planning,2027-02-01,2027-09-04,,0.0,,Not Yet Inspected,False,,,Under Preparation,Technical plans are being prepared.,2026-09-29,2026-09-29
P0087,Bridge Repair Imus,Bridge,Structural repair and improvement of bridge facilities serving communities in Imus.,"Imus, Cavite",Cavite Infrastructure Solutions,Engr. Maria Reyes,47219000,30994000,Calabarzon Development Fund,Delayed,2024-08-15,2025-07-31,,67.0,2025-09-24,Passed,False,,,Complete,Additional corrective work is required.,2024-07-11,2024-08-08
P0088,Community Water System Bacoor,Water System,Development and improvement of public water facilities for communities in Bacoor.,"Bacoor, Cavite",Provincial Builders and Engineering,Engr. Maria Reyes,7082000,6711000,Department of Public Works and Highways,Ongoing,2024-10-20,2025-10-16,,95.0,2026-01-22,Passed,False,,,Complete,Construction activities are proceeding normally.,2024-09-16,2025-02-16
P0089,Bridge Repair Imus,Bridge,Structural repair and improvement of bridge facilities serving communities in Imus.,"Imus, Cavite",MetroBuild Construction Services,Engr. Roberto Garcia,12512000,314000,Local Development Fund,Planning,2027-01-16,2027-10-26,,5.0,,Not Yet Inspected,False,,,Pending Approval,Project proposal under evaluation.,2026-09-29,2026-09-29
P0090,Road Resurfacing General Trias,Road,Rehabilitation and improvement of existing road facilities in General Trias.,"General Trias, Cavite",Provincial Builders and Engineering,Engr. Patricia Ramos,24493000,22243000,Department of Public Works and Highways,Completed,2024-07-10,2024-12-20,2024-12-14,100.0,2025-12-30,Passed,False,2026-05-17,2027-09-07,Complete,Infrastructure is operational.,2024-05-04,2024-06-17
P0091,Water Supply System Improvement Tagaytay,Water System,Development and improvement of public water facilities for communities in Tagaytay.,"Tagaytay, Cavite",MetroBuild Construction Services,Engr. Carlo Mendoza,16573000,16378000,Local Government Fund,Completed,2024-12-19,2025-08-19,2025-04-14,100.0,2025-11-24,Passed,False,2026-03-26,2027-02-25,Archived,Infrastructure is operational.,2024-10-12,2026-07-20
P0092,Community Water System Dasmariñas,Water System,Development and improvement of public water facilities for communities in Dasmariñas.,"Dasmariñas, Cavite",Luzon Development Contractors,Engr. Patricia Ramos,9734000,8801000,Local Government Fund,Ongoing,2024-02-14,2024-09-23,,95.0,2025-03-27,Needs Corrective Action,False,,,Under Review,Construction progressing according to schedule.,2023-11-17,2024-12-12
P0093,Community Water System Silang,Water System,Development and improvement of public water facilities for communities in Silang.,"Silang, Cavite",Luzon Development Contractors,Engr. Maria Reyes,16150000,15640000,Calabarzon Development Fund,Ongoing,2025-01-11,2025-12-20,,95.0,2026-02-10,Passed,False,,,Pending Documents,Project is undergoing regular monitoring.,2024-11-18,2026-05-03
P0094,Barangay Hall Construction Kawit,Building,Construction or renovation of a public facility to improve government services in Kawit.,"Kawit, Cavite",Cavite Prime Construction Corp.,Engr. Patricia Ramos,15932000,14535000,Special Infrastructure Fund,Completed,2026-04-22,2026-11-20,2026-09-28,100.0,2026-07-14,Passed,False,2026-09-29,2027-02-21,Archived,Infrastructure is operational.,2026-03-02,2026-06-24
P0095,Public Market Renovation Trece Martires,Building,Construction or renovation of a public facility to improve government services in Trece Martires.,"Trece Martires, Cavite",Southern Star Construction Corp.,Engr. Adrian Santos,26122000,12408000,National Government Fund,Delayed,2026-08-28,2027-01-24,,49.0,2026-09-29,For Review,False,,,Complete,Construction delayed due to material delivery issues.,2026-06-05,2026-08-30
P0096,Road Widening Trece Martires,Road,Rehabilitation and improvement of existing road facilities in Trece Martires.,"Trece Martires, Cavite",Provincial Builders and Engineering,Engr. Patricia Ramos,8069000,7419000,Calabarzon Development Fund,Ongoing,2025-01-27,2026-03-13,,95.0,2026-02-10,Passed,False,,,Pending Documents,Work is currently ongoing.,2024-11-14,2025-11-24
P0097,Drainage Improvement Imus,Drainage,Construction and improvement of drainage infrastructure to reduce localized flooding in Imus.,"Imus, Cavite",Southern Star Construction Corp.,Engr. Angela Cruz,13963000,49000,Local Government Fund,Planning,2026-11-17,2027-07-22,,5.0,,Not Yet Inspected,False,,,Pending Approval,Procurement documents are under preparation.,2026-09-29,2026-09-29
P0098,Bridge Rehabilitation Tanza,Bridge,Structural repair and improvement of bridge facilities serving communities in Tanza.,"Tanza, Cavite",MetroBuild Construction Services,Engr. Patricia Ramos,42421000,39783000,Special Infrastructure Fund,Ongoing,2025-12-31,2026-12-13,,86.3,2026-06-12,Passed,False,,,Pending Documents,Construction activities are proceeding normally.,2025-11-16,2026-02-04
P0099,Bridge Rehabilitation General Trias,Bridge,Structural repair and improvement of bridge facilities serving communities in General Trias.,"General Trias, Cavite",Southern Star Construction Corp.,Engr. Daniel Bautista,24436000,23671000,Local Development Fund,Completed,2024-08-30,2025-09-06,2024-12-11,100.0,2025-12-21,For Review,False,2026-08-29,2027-01-11,Complete,Project turned over to the local government.,2024-07-04,2026-07-08
P0100,Flood Control Improvement Bacoor,Flood Control,Construction of flood mitigation infrastructure to protect communities in Bacoor.,"Bacoor, Cavite",Cavite Prime Construction Corp.,Engr. Maria Reyes,27372000,20058000,Special Infrastructure Fund,Delayed,2025-10-19,2026-03-25,,73.0,2025-12-23,For Review,False,,,Pending Documents,Construction delayed due to material delivery issues.,2025-09-26,2026-05-05
P0101,Bridge Repair Bacoor,Bridge,Structural repair and improvement of bridge facilities serving communities in Bacoor.,"Bacoor, Cavite",South Luzon Infrastructure Builders,Engr. Carlo Mendoza,47636000,10965000,Special Infrastructure Fund,Ongoing,2026-08-15,2027-04-07,,16.7,2026-08-20,Passed,False,,,Pending Documents,Construction activities are proceeding normally.,2026-07-23,2026-08-30
P0102,Flood Control Improvement Bacoor,Flood Control,Construction of flood mitigation infrastructure to protect communities in Bacoor.,"Bacoor, Cavite",Cavite Prime Construction Corp.,Engr. Sofia Navarro,39803000,38515000,Calabarzon Development Fund,Completed,2026-01-07,2027-03-12,2026-09-26,100.0,2026-01-21,Passed,False,2026-09-28,2027-03-15,Archived,Infrastructure is operational.,2025-10-13,2026-09-05
P0103,Riverbank Protection Project Trece Martires,Flood Control,Construction of flood mitigation infrastructure to protect communities in Trece Martires.,"Trece Martires, Cavite",Cavite Infrastructure Solutions,Engr. Patricia Ramos,21815000,13780000,Calabarzon Development Fund,Delayed,2025-05-09,2026-01-09,,70.0,2025-06-08,Passed,False,,,Under Review,Construction delayed due to material delivery issues.,2025-03-20,2025-08-14
P0104,Stormwater Drainage Project Bacoor,Drainage,Construction and improvement of drainage infrastructure to reduce localized flooding in Bacoor.,"Bacoor, Cavite",Cavite Infrastructure Solutions,Engr. Patricia Ramos,6829000,6528000,National Government Fund,Completed,2025-06-11,2026-07-23,2025-11-02,100.0,2025-10-25,Passed,True,2025-11-27,2027-04-25,Complete,Infrastructure is operational.,2025-05-04,2025-10-14
P0105,Bridge Repair Naic,Bridge,Structural repair and improvement of bridge facilities serving communities in Naic.,"Naic, Cavite",Southern Star Construction Corp.,Engr. Sofia Navarro,13602000,4773000,Department of Public Works and Highways,Ongoing,2026-06-19,2027-03-23,,36.8,2026-08-16,Needs Corrective Action,False,,,Under Review,Construction progressing according to schedule.,2026-06-06,2026-07-12
P0106,Flood Control Improvement Imus,Flood Control,Construction of flood mitigation infrastructure to protect communities in Imus.,"Imus, Cavite",Southern Star Construction Corp.,Engr. Roberto Garcia,37207000,15015000,Special Infrastructure Fund,Ongoing,2026-06-22,2027-03-04,,42.5,2026-08-12,Passed,False,,,Under Review,Construction activities are proceeding normally.,2026-06-06,2026-07-25
P0107,Water Distribution Network Imus,Water System,Development and improvement of public water facilities for communities in Imus.,"Imus, Cavite",Cavite Prime Construction Corp.,Engr. Adrian Santos,19802000,18443000,National Government Fund,Ongoing,2024-04-09,2025-02-24,,95.0,2025-04-18,For Review,False,,,Pending Documents,Project is undergoing regular monitoring.,2024-01-29,2024-03-10
P0108,Community Water System Tanza,Water System,Development and improvement of public water facilities for communities in Tanza.,"Tanza, Cavite",Southern Star Construction Corp.,Engr. Roberto Garcia,7097000,6901000,Local Development Fund,Ongoing,2024-06-01,2025-08-05,,95.0,2025-04-23,Passed,False,,,Pending Documents,Construction activities are proceeding normally.,2024-03-11,2025-02-18
P0109,Road Resurfacing Tagaytay,Road,Rehabilitation and improvement of existing road facilities in Tagaytay.,"Tagaytay, Cavite",MetroBuild Construction Services,Engr. Daniel Bautista,20935000,20664000,National Government Fund,Completed,2025-03-02,2026-04-24,2025-11-04,100.0,2025-03-29,Passed,False,2026-08-27,2027-09-19,Complete,Project completed according to approved plans.,2024-12-11,2026-04-16
P0110,Water Supply System Improvement Dasmariñas,Water System,Development and improvement of public water facilities for communities in Dasmariñas.,"Dasmariñas, Cavite",Greenfield Engineering and Construction,Engr. Patricia Ramos,5284000,4955000,Calabarzon Development Fund,Completed,2025-12-18,2026-06-12,2026-04-11,100.0,2026-03-05,Passed,False,2026-08-17,2027-07-27,Archived,Project completed according to approved plans.,2025-11-24,2026-08-16
P0111,Public School Building Construction Kawit,Building,Construction or renovation of a public facility to improve government services in Kawit.,"Kawit, Cavite",Greenfield Engineering and Construction,Engr. Angela Cruz,17243000,15673000,Department of Public Works and Highways,Ongoing,2024-06-26,2025-06-16,,95.0,2026-08-25,For Review,False,,,Pending Documents,Construction activities are proceeding normally.,2024-04-02,2025-08-10
P0112,Riverbank Protection Project General Trias,Flood Control,Construction of flood mitigation infrastructure to protect communities in General Trias.,"General Trias, Cavite",Provincial Builders and Engineering,Engr. Daniel Bautista,34778000,20110000,Department of Public Works and Highways,Delayed,2024-10-31,2025-07-25,,58.0,2026-03-06,Passed,False,,,Pending Documents,Additional corrective work is required.,2024-09-18,2025-01-20
P0113,Bridge Repair Dasmariñas,Bridge,Structural repair and improvement of bridge facilities serving communities in Dasmariñas.,"Dasmariñas, Cavite",Greenfield Engineering and Construction,Engr. Angela Cruz,27695000,24876000,Local Government Fund,Ongoing,2026-01-01,2026-06-10,,95.0,2026-09-03,Passed,False,,,Under Review,Construction activities are proceeding normally.,2025-12-08,2026-02-01
P0114,Water Distribution Network General Trias,Water System,Development and improvement of public water facilities for communities in General Trias.,"General Trias, Cavite",Greenfield Engineering and Construction,Engr. Roberto Garcia,9954000,9523000,Department of Public Works and Highways,Completed,2024-02-23,2024-08-12,2024-07-14,100.0,2026-01-20,For Review,True,2026-01-28,2027-02-16,Complete,Infrastructure is operational.,2023-12-17,2025-10-13
P0115,Flood Control Drainage Dasmariñas,Drainage,Construction and improvement of drainage infrastructure to reduce localized flooding in Dasmariñas.,"Dasmariñas, Cavite",Southern Star Construction Corp.,Engr. Carlo Mendoza,9422000,5895000,Calabarzon Development Fund,Delayed,2024-04-01,2025-05-19,,59.0,2024-05-09,For Review,False,,,Complete,Project delayed due to weather conditions.,2024-02-04,2026-04-20
P0116,Drainage Improvement Dasmariñas,Drainage,Construction and improvement of drainage infrastructure to reduce localized flooding in Dasmariñas.,"Dasmariñas, Cavite",South Luzon Infrastructure Builders,Engr. Patricia Ramos,7021000,6459000,National Government Fund,Ongoing,2025-09-09,2026-03-02,,95.0,2026-08-03,Passed,False,,,Complete,Project is undergoing regular monitoring.,2025-07-30,2025-11-05
P0117,Community Water System Trece Martires,Water System,Development and improvement of public water facilities for communities in Trece Martires.,"Trece Martires, Cavite",Cavite Infrastructure Solutions,Engr. Maria Reyes,16862000,15723000,Local Development Fund,Ongoing,2024-07-09,2024-11-13,,95.0,2026-08-23,Passed,False,,,Pending Documents,Project is undergoing regular monitoring.,2024-05-09,2025-10-18
P0118,Water Supply System Improvement Bacoor,Water System,Development and improvement of public water facilities for communities in Bacoor.,"Bacoor, Cavite",Greenfield Engineering and Construction,Engr. Adrian Santos,5102000,2966000,Calabarzon Development Fund,Delayed,2025-05-03,2026-02-12,,60.0,2026-08-03,For Review,False,,,Under Review,Project delayed due to weather conditions.,2025-03-24,2026-03-27
P0119,Road Improvement Silang,Road,Rehabilitation and improvement of existing road facilities in Silang.,"Silang, Cavite",Southern Star Construction Corp.,Engr. Carlo Mendoza,22756000,20621000,Local Development Fund,Ongoing,2025-12-03,2026-12-15,,86.3,2026-02-01,Passed,False,,,Under Review,Work is currently ongoing.,2025-10-29,2026-01-05
P0120,Water Distribution Network Tagaytay,Water System,Development and improvement of public water facilities for communities in Tagaytay.,"Tagaytay, Cavite",South Luzon Infrastructure Builders,Engr. Maria Reyes,17030000,16363000,Local Government Fund,Ongoing,2025-07-16,2026-07-12,,95.0,2026-08-10,Passed,False,,,Complete,Project is undergoing regular monitoring.,2025-05-03,2026-05-08
P0121,Flood Mitigation Project General Trias,Flood Control,Construction of flood mitigation infrastructure to protect communities in General Trias.,"General Trias, Cavite",Provincial Builders and Engineering,Engr. Sofia Navarro,40198000,38310000,Special Infrastructure Fund,Completed,2024-06-02,2024-12-23,2024-10-11,100.0,2026-04-29,Passed,False,2025-01-12,2027-08-16,Complete,Project completed according to approved plans.,2024-03-29,2024-08-11
P0122,Road Improvement Trece Martires,Road,Rehabilitation and improvement of existing road facilities in Trece Martires.,"Trece Martires, Cavite",Cavite Prime Construction Corp.,Engr. Roberto Garcia,10089000,9084000,Local Development Fund,Completed,2026-01-10,2026-05-21,2026-05-05,100.0,2026-05-01,Passed,True,2026-08-01,2026-12-30,Archived,Project completed according to approved plans.,2025-12-26,2026-08-24
P0123,Bridge Rehabilitation Trece Martires,Bridge,Structural repair and improvement of bridge facilities serving communities in Trece Martires.,"Trece Martires, Cavite",South Luzon Infrastructure Builders,Engr. Carlo Mendoza,49714000,32871000,Special Infrastructure Fund,Delayed,2025-10-23,2026-09-23,,68.0,2026-05-04,Passed,False,,,Pending Documents,Construction delayed due to material delivery issues.,2025-07-25,2026-01-19
P0124,Public School Building Construction Bacoor,Building,Construction or renovation of a public facility to improve government services in Bacoor.,"Bacoor, Cavite",Greenfield Engineering and Construction,Engr. Maria Reyes,34419000,32889000,Local Government Fund,Completed,2024-08-16,2024-12-15,2024-11-15,100.0,2026-08-22,Passed,False,2025-07-08,2027-04-03,Complete,Project turned over to the local government.,2024-07-21,2025-04-29
P0125,Community Water System Rosario,Water System,Development and improvement of public water facilities for communities in Rosario.,"Rosario, Cavite",Greenfield Engineering and Construction,Engr. Angela Cruz,8091000,7380000,Local Government Fund,Completed,2026-06-23,2026-10-29,2026-10-06,100.0,2026-06-27,Passed,False,2026-10-06,2026-12-22,Complete,Project completed according to approved plans.,2026-04-26,2026-08-16
P0126,Bridge Improvement Silang,Bridge,Structural repair and improvement of bridge facilities serving communities in Silang.,"Silang, Cavite",Luzon Development Contractors,Engr. Adrian Santos,33917000,5254000,Special Infrastructure Fund,Ongoing,2026-07-27,2027-09-14,,12.6,2026-09-06,Passed,False,,,Pending Documents,Work is currently ongoing.,2026-05-29,2026-07-06
P0127,Flood Mitigation Project Bacoor,Flood Control,Construction of flood mitigation infrastructure to protect communities in Bacoor.,"Bacoor, Cavite",Southern Star Construction Corp.,Engr. Angela Cruz,13547000,12752000,National Government Fund,Completed,2025-03-13,2026-04-21,2026-02-19,100.0,2026-04-07,For Review,False,2026-06-05,2027-06-25,Complete,Project turned over to the local government.,2025-01-17,2025-07-24
P0128,Flood Control Drainage Bacoor,Drainage,Construction and improvement of drainage infrastructure to reduce localized flooding in Bacoor.,"Bacoor, Cavite",South Luzon Infrastructure Builders,Engr. Angela Cruz,7952000,7554000,Local Government Fund,Completed,2026-07-25,2026-12-21,2026-11-27,100.0,2026-08-11,Passed,False,2026-11-27,2027-05-16,Archived,Project completed according to approved plans.,2026-05-22,2026-08-24
P0129,Stormwater Drainage Project Trece Martires,Drainage,Construction and improvement of drainage infrastructure to reduce localized flooding in Trece Martires.,"Trece Martires, Cavite",South Luzon Infrastructure Builders,Engr. Sofia Navarro,12656000,12283000,National Government Fund,Completed,2024-02-10,2024-07-16,2024-06-03,100.0,2025-12-28,Passed,False,2025-05-09,2027-05-02,Complete,Final inspection completed successfully.,2024-01-10,2026-09-21
P0130,Water Distribution Network Carmona,Water System,Development and improvement of public water facilities for communities in Carmona.,"Carmona, Cavite",Cavite Infrastructure Solutions,Engr. Angela Cruz,16633000,4290000,Department of Public Works and Highways,Ongoing,2026-07-26,2027-03-25,,27.7,2026-09-09,Passed,False,,,Under Review,Project is undergoing regular monitoring.,2026-07-07,2026-09-05
P0131,Stormwater Drainage Project Dasmariñas,Drainage,Construction and improvement of drainage infrastructure to reduce localized flooding in Dasmariñas.,"Dasmariñas, Cavite",Greenfield Engineering and Construction,Engr. Sofia Navarro,6129000,6204000,Special Infrastructure Fund,Completed,2024-08-14,2025-02-24,2024-11-14,100.0,2026-03-30,Passed,False,2025-06-02,2027-05-15,Complete,Infrastructure is operational.,2024-05-27,2026-09-27
P0132,Water Distribution Network Tagaytay,Water System,Development and improvement of public water facilities for communities in Tagaytay.,"Tagaytay, Cavite",Cavite Prime Construction Corp.,Engr. Adrian Santos,14625000,7437000,Local Government Fund,Ongoing,2026-04-21,2027-04-26,,51.0,2026-06-03,Passed,False,,,Complete,Project is undergoing regular monitoring.,2026-03-22,2026-08-07
P0133,Water Supply System Improvement Dasmariñas,Water System,Development and improvement of public water facilities for communities in Dasmariñas.,"Dasmariñas, Cavite",Cavite Prime Construction Corp.,Engr. Daniel Bautista,15608000,3051000,Local Government Fund,Ongoing,2026-05-12,2027-07-28,,27.4,2026-09-18,Passed,True,,,Pending Documents,Project is undergoing regular monitoring.,2026-03-04,2026-03-08
P0134,Road Resurfacing Naic,Road,Rehabilitation and improvement of existing road facilities in Naic.,"Naic, Cavite",Cavite Infrastructure Solutions,Engr. Roberto Garcia,21123000,16593000,Local Development Fund,Delayed,2024-01-18,2025-01-29,,72.0,2024-05-06,For Review,False,,,Complete,Construction delayed due to material delivery issues.,2023-10-24,2025-03-23
P0135,Road Resurfacing Kawit,Road,Rehabilitation and improvement of existing road facilities in Kawit.,"Kawit, Cavite",Cavite Prime Construction Corp.,Engr. Adrian Santos,21561000,18949000,Calabarzon Development Fund,Ongoing,2024-09-06,2025-04-29,,95.0,2026-07-03,For Review,True,,,Under Review,Project is undergoing regular monitoring.,2024-06-21,2025-10-21
P0136,Bridge Rehabilitation Tanza,Bridge,Structural repair and improvement of bridge facilities serving communities in Tanza.,"Tanza, Cavite",Luzon Development Contractors,Engr. Adrian Santos,49093000,49921000,National Government Fund,Completed,2025-10-22,2026-08-07,2026-06-13,100.0,2026-07-19,For Review,False,2026-09-09,2027-09-14,Complete,Project turned over to the local government.,2025-10-10,2025-11-17
P0137,Drainage Improvement General Trias,Drainage,Construction and improvement of drainage infrastructure to reduce localized flooding in General Trias.,"General Trias, Cavite",Cavite Infrastructure Solutions,Engr. Adrian Santos,6591000,6378000,Local Government Fund,Completed,2026-02-09,2026-12-29,2026-05-29,100.0,2026-07-04,For Review,False,2026-09-20,2027-08-31,Complete,Infrastructure is operational.,2026-01-16,2026-02-25
P0138,Public Health Center Construction Imus,Building,Construction or renovation of a public facility to improve government services in Imus.,"Imus, Cavite",Provincial Builders and Engineering,Engr. Daniel Bautista,18711000,11447000,National Government Fund,Ongoing,2026-02-26,2027-05-06,,56.8,2026-03-05,Passed,False,,,Under Review,Project is undergoing regular monitoring.,2026-01-21,2026-04-22
P0139,Water Distribution Network Trece Martires,Water System,Development and improvement of public water facilities for communities in Trece Martires.,"Trece Martires, Cavite",Cavite Infrastructure Solutions,Engr. Maria Reyes,8697000,3346000,Local Government Fund,Ongoing,2026-03-01,2027-05-11,,45.3,2026-05-08,Passed,False,,,Pending Documents,Work is currently ongoing.,2026-01-04,2026-06-15
P0140,Road Resurfacing Tanza,Road,Rehabilitation and improvement of existing road facilities in Tanza.,"Tanza, Cavite",Cavite Infrastructure Solutions,Engr. Daniel Bautista,8748000,8043000,Local Government Fund,Ongoing,2024-10-03,2025-03-24,,95.0,2026-04-24,Passed,True,,,Complete,Construction activities are proceeding normally.,2024-07-18,2024-10-21
P0141,Stormwater Drainage Project Kawit,Drainage,Construction and improvement of drainage infrastructure to reduce localized flooding in Kawit.,"Kawit, Cavite",Luzon Development Contractors,Engr. Daniel Bautista,9864000,9078000,Department of Public Works and Highways,Completed,2026-01-12,2027-02-22,2026-08-14,100.0,2026-07-25,Passed,False,2026-08-31,2027-08-07,Complete,Project completed according to approved plans.,2025-12-15,2026-07-25
P0142,Barangay Hall Construction Tagaytay,Building,Construction or renovation of a public facility to improve government services in Tagaytay.,"Tagaytay, Cavite",Cavite Infrastructure Solutions,Engr. Daniel Bautista,24650000,22687000,Calabarzon Development Fund,Ongoing,2024-09-09,2025-11-23,,95.0,2025-01-25,Passed,False,,,Under Review,Project is undergoing regular monitoring.,2024-07-22,2025-10-15
P0143,Flood Control Improvement Silang,Flood Control,Construction of flood mitigation infrastructure to protect communities in Silang.,"Silang, Cavite",Luzon Development Contractors,Engr. Daniel Bautista,17862000,2228000,Department of Public Works and Highways,Ongoing,2026-08-28,2027-04-07,,14.1,2026-09-17,Passed,False,,,Under Review,Work is currently ongoing.,2026-07-11,2026-08-28
P0144,Road Widening Rosario,Road,Rehabilitation and improvement of existing road facilities in Rosario.,"Rosario, Cavite",Southern Star Construction Corp.,Engr. Carlo Mendoza,24060000,10920000,Calabarzon Development Fund,Delayed,2024-07-03,2025-08-08,,46.0,2026-06-28,Passed,False,,,Pending Documents,Project delayed due to weather conditions.,2024-05-05,2026-03-25
P0145,Drainage Improvement Silang,Drainage,Construction and improvement of drainage infrastructure to reduce localized flooding in Silang.,"Silang, Cavite",South Luzon Infrastructure Builders,Engr. Maria Reyes,7524000,7177000,National Government Fund,Completed,2026-01-02,2026-12-04,2026-10-21,100.0,2026-09-04,Passed,False,2026-10-21,2027-06-30,Archived,Project completed according to approved plans.,2025-11-10,2026-08-11
P0146,Water Distribution Network Tagaytay,Water System,Development and improvement of public water facilities for communities in Tagaytay.,"Tagaytay, Cavite",Greenfield Engineering and Construction,Engr. Sofia Navarro,14675000,13811000,Department of Public Works and Highways,Ongoing,2025-09-19,2026-02-08,,95.0,2026-03-07,Needs Corrective Action,False,,,Complete,Construction progressing according to schedule.,2025-08-10,2025-12-01
P0147,Municipal Building Renovation Trece Martires,Building,Construction or renovation of a public facility to improve government services in Trece Martires.,"Trece Martires, Cavite",Greenfield Engineering and Construction,Engr. Sofia Navarro,34938000,33468000,Department of Public Works and Highways,Completed,2025-05-27,2025-12-10,2025-10-08,100.0,2025-10-25,Passed,False,2025-12-06,2027-02-08,Complete,Project turned over to the local government.,2025-04-07,2026-07-17
P0148,Barangay Hall Construction Tanza,Building,Construction or renovation of a public facility to improve government services in Tanza.,"Tanza, Cavite",MetroBuild Construction Services,Engr. Patricia Ramos,16107000,16062000,Special Infrastructure Fund,Completed,2025-04-08,2026-01-16,2025-07-24,100.0,2025-08-03,Passed,False,2025-09-17,2027-02-20,Archived,Final inspection completed successfully.,2025-01-25,2025-07-22
P0149,Municipal Building Renovation General Trias,Building,Construction or renovation of a public facility to improve government services in General Trias.,"General Trias, Cavite",Greenfield Engineering and Construction,Engr. Angela Cruz,25293000,24075000,Department of Public Works and Highways,Completed,2025-10-06,2026-05-08,2026-01-27,100.0,2025-10-20,Passed,False,2026-05-22,2027-09-27,Complete,Infrastructure is operational.,2025-09-29,2026-09-24
P0150,Water Supply System Improvement Rosario,Water System,Development and improvement of public water facilities for communities in Rosario.,"Rosario, Cavite",Provincial Builders and Engineering,Engr. Maria Reyes,9890000,2198000,Department of Public Works and Highways,Ongoing,2026-06-11,2027-07-10,,22.9,2026-07-14,Passed,False,,,Pending Documents,Construction activities are proceeding normally.,2026-03-20,2026-06-27
P0151,Stormwater Drainage Project Rosario,Drainage,Construction and improvement of drainage infrastructure to reduce localized flooding in Rosario.,"Rosario, Cavite",Provincial Builders and Engineering,Engr. Daniel Bautista,10082000,9517000,Special Infrastructure Fund,Ongoing,2025-11-20,2026-08-19,,95.0,2026-04-29,Passed,False,,,Complete,Construction activities are proceeding normally.,2025-10-26,2026-07-14
P0152,Bridge Improvement Kawit,Bridge,Structural repair and improvement of bridge facilities serving communities in Kawit.,"Kawit, Cavite",Cavite Prime Construction Corp.,Engr. Patricia Ramos,46766000,45474000,Local Government Fund,Ongoing,2025-05-13,2026-08-01,,95.0,2025-08-09,Passed,False,,,Complete,Work is currently ongoing.,2025-03-27,2026-07-01
P0153,Public Health Center Construction General Trias,Building,Construction or renovation of a public facility to improve government services in General Trias.,"General Trias, Cavite",Greenfield Engineering and Construction,Engr. Roberto Garcia,25633000,24328000,Local Government Fund,Completed,2026-09-13,2027-10-25,2027-08-27,100.0,2026-09-28,Passed,False,2027-08-27,2027-08-05,Complete,Project completed according to approved plans.,2026-06-26,2026-06-29
P0154,Drainage Improvement Naic,Drainage,Construction and improvement of drainage infrastructure to reduce localized flooding in Naic.,"Naic, Cavite",Southern Star Construction Corp.,Engr. Angela Cruz,12271000,7157000,Local Development Fund,Ongoing,2026-03-10,2027-02-27,,58.4,2026-07-18,Passed,True,,,Pending Documents,Construction activities are proceeding normally.,2025-12-24,2026-01-14
P0155,Road Widening Silang,Road,Rehabilitation and improvement of existing road facilities in Silang.,"Silang, Cavite",MetroBuild Construction Services,Engr. Carlo Mendoza,11972000,11948000,National Government Fund,Completed,2024-02-03,2025-01-18,2024-09-14,100.0,2025-04-27,For Review,True,2025-05-14,2027-03-15,Archived,Project turned over to the local government.,2023-11-10,2026-04-04
P0156,Bridge Rehabilitation Rosario,Bridge,Structural repair and improvement of bridge facilities serving communities in Rosario.,"Rosario, Cavite",Cavite Prime Construction Corp.,Engr. Roberto Garcia,22946000,21740000,Calabarzon Development Fund,Ongoing,2024-10-14,2025-12-13,,95.0,2025-08-06,Passed,False,,,Pending Documents,Construction progressing according to schedule.,2024-09-20,2025-11-15
P0157,Bridge Improvement Bacoor,Bridge,Structural repair and improvement of bridge facilities serving communities in Bacoor.,"Bacoor, Cavite",South Luzon Infrastructure Builders,Engr. Maria Reyes,40459000,38209000,Local Development Fund,Ongoing,2025-12-29,2026-10-09,,95.0,2026-09-05,Passed,False,,,Pending Documents,Project is undergoing regular monitoring.,2025-11-04,2026-06-23
P0158,Flood Mitigation Project Silang,Flood Control,Construction of flood mitigation infrastructure to protect communities in Silang.,"Silang, Cavite",Cavite Infrastructure Solutions,Engr. Maria Reyes,43358000,40725000,Special Infrastructure Fund,Completed,2026-06-17,2027-04-21,2027-01-09,100.0,2026-06-17,For Review,False,2027-01-09,2027-01-14,Archived,Infrastructure is operational.,2026-03-21,2026-09-07
P0159,Public Health Center Construction Kawit,Building,Construction or renovation of a public facility to improve government services in Kawit.,"Kawit, Cavite",Cavite Prime Construction Corp.,Engr. Maria Reyes,30365000,28559000,National Government Fund,Completed,2025-05-21,2026-02-02,2025-11-09,100.0,2026-03-12,Passed,False,2026-05-03,2026-12-22,Complete,Project completed according to approved plans.,2025-02-23,2026-06-08
P0160,Municipal Building Renovation Dasmariñas,Building,Construction or renovation of a public facility to improve government services in Dasmariñas.,"Dasmariñas, Cavite",Cavite Prime Construction Corp.,Engr. Daniel Bautista,31818000,15855000,Calabarzon Development Fund,Delayed,2025-03-14,2025-10-23,,53.0,2025-12-19,Passed,False,,,Complete,Additional corrective work is required.,2024-12-14,2025-06-01
P0161,Flood Control Drainage Carmona,Drainage,Construction and improvement of drainage infrastructure to reduce localized flooding in Carmona.,"Carmona, Cavite",MetroBuild Construction Services,Engr. Sofia Navarro,3013000,2884000,Local Government Fund,Completed,2025-03-15,2025-08-28,2025-06-25,100.0,2025-07-28,Passed,False,2026-02-07,2026-12-02,Complete,Project turned over to the local government.,2025-02-21,2026-04-29
P0162,Bridge Repair Imus,Bridge,Structural repair and improvement of bridge facilities serving communities in Imus.,"Imus, Cavite",MetroBuild Construction Services,Engr. Sofia Navarro,24702000,23119000,Department of Public Works and Highways,Completed,2024-04-14,2024-10-03,2024-08-22,100.0,2025-05-10,For Review,False,2025-01-05,2027-02-09,Complete,Project completed according to approved plans.,2024-01-20,2025-11-15
P0163,Water Supply System Improvement Trece Martires,Water System,Development and improvement of public water facilities for communities in Trece Martires.,"Trece Martires, Cavite",Cavite Infrastructure Solutions,Engr. Carlo Mendoza,15298000,15347000,National Government Fund,Completed,2026-07-30,2027-06-25,2027-04-03,100.0,2026-08-04,For Review,True,2027-04-03,2027-01-30,Archived,Infrastructure is operational.,2026-06-09,2026-08-02
P0164,Flood Control Drainage Imus,Drainage,Construction and improvement of drainage infrastructure to reduce localized flooding in Imus.,"Imus, Cavite",Greenfield Engineering and Construction,Engr. Daniel Bautista,6419000,6246000,Department of Public Works and Highways,Ongoing,2025-09-07,2026-11-08,,94.2,2025-09-20,For Review,False,,,Under Review,Work is currently ongoing.,2025-06-26,2026-05-02
P0165,Water Supply System Improvement General Trias,Water System,Development and improvement of public water facilities for communities in General Trias.,"General Trias, Cavite",Cavite Infrastructure Solutions,Engr. Carlo Mendoza,13909000,12909000,Local Development Fund,Ongoing,2024-04-25,2024-12-24,,95.0,2024-05-07,Needs Corrective Action,False,,,Complete,Project is undergoing regular monitoring.,2024-02-06,2025-04-11
P0166,Road Rehabilitation Rosario,Road,Rehabilitation and improvement of existing road facilities in Rosario.,"Rosario, Cavite",Provincial Builders and Engineering,Engr. Daniel Bautista,23452000,667000,Calabarzon Development Fund,Planning,2026-12-07,2027-05-31,,0.0,,Not Yet Inspected,False,,,Pending Approval,Technical plans are being prepared.,2026-09-11,2026-09-27
P0167,Barangay Hall Construction Trece Martires,Building,Construction or renovation of a public facility to improve government services in Trece Martires.,"Trece Martires, Cavite",South Luzon Infrastructure Builders,Engr. Roberto Garcia,16367000,15160000,Calabarzon Development Fund,Ongoing,2025-09-22,2026-04-08,,95.0,2026-01-04,Needs Corrective Action,False,,,Under Review,Project is undergoing regular monitoring.,2025-07-02,2026-05-22
P0168,Public Health Center Construction Dasmariñas,Building,Construction or renovation of a public facility to improve government services in Dasmariñas.,"Dasmariñas, Cavite",MetroBuild Construction Services,Engr. Sofia Navarro,24532000,1405000,Department of Public Works and Highways,Ongoing,2026-08-04,2027-07-12,,10.2,2026-09-15,Passed,False,,,Complete,Construction progressing according to schedule.,2026-07-11,2026-07-12
P0169,Flood Mitigation Project Carmona,Flood Control,Construction of flood mitigation infrastructure to protect communities in Carmona.,"Carmona, Cavite",Luzon Development Contractors,Engr. Maria Reyes,40824000,38808000,Local Development Fund,Ongoing,2025-01-15,2025-07-18,,95.0,2025-05-15,For Review,True,,,Under Review,Construction activities are proceeding normally.,2024-11-02,2025-01-06
P0170,Public School Building Construction Tagaytay,Building,Construction or renovation of a public facility to improve government services in Tagaytay.,"Tagaytay, Cavite",Cavite Prime Construction Corp.,Engr. Adrian Santos,12247000,284000,National Government Fund,Planning,2027-02-23,2027-08-04,,0.0,,Not Yet Inspected,False,,,Complete,Project proposal under evaluation.,2026-09-29,2026-09-29
P0171,Road Improvement Tagaytay,Road,Rehabilitation and improvement of existing road facilities in Tagaytay.,"Tagaytay, Cavite",Cavite Infrastructure Solutions,Engr. Roberto Garcia,22150000,20618000,Local Government Fund,Ongoing,2024-06-02,2024-12-30,,95.0,2026-06-03,Passed,False,,,Under Review,Work is currently ongoing.,2024-04-03,2026-04-10
P0172,Riverbank Protection Project Imus,Flood Control,Construction of flood mitigation infrastructure to protect communities in Imus.,"Imus, Cavite",Southern Star Construction Corp.,Engr. Adrian Santos,38543000,21855000,Department of Public Works and Highways,Ongoing,2026-07-12,2026-12-05,,49.0,2026-09-01,Passed,False,,,Under Review,Construction activities are proceeding normally.,2026-05-25,2026-06-16
P0173,Bridge Repair Rosario,Bridge,Structural repair and improvement of bridge facilities serving communities in Rosario.,"Rosario, Cavite",Cavite Infrastructure Solutions,Engr. Adrian Santos,28557000,27729000,Department of Public Works and Highways,Completed,2026-01-27,2027-04-10,2026-08-29,100.0,2026-06-02,Needs Corrective Action,False,2026-09-13,2027-02-13,Complete,Infrastructure is operational.,2026-01-17,2026-05-16
P0174,Road Improvement Carmona,Road,Rehabilitation and improvement of existing road facilities in Carmona.,"Carmona, Cavite",Cavite Infrastructure Solutions,Engr. Sofia Navarro,24662000,23438000,Calabarzon Development Fund,Completed,2024-04-16,2024-11-27,2024-11-27,100.0,2024-06-16,Needs Corrective Action,True,2025-09-09,2027-01-14,Complete,Final inspection completed successfully.,2024-02-03,2025-03-31
P0175,Road Rehabilitation Naic,Road,Rehabilitation and improvement of existing road facilities in Naic.,"Naic, Cavite",Southern Star Construction Corp.,Engr. Roberto Garcia,16356000,7026000,National Government Fund,Ongoing,2026-04-19,2027-03-06,,44.0,2026-05-22,Passed,False,,,Under Review,Project is undergoing regular monitoring.,2026-03-02,2026-05-22
P0176,Road Widening Bacoor,Road,Rehabilitation and improvement of existing road facilities in Bacoor.,"Bacoor, Cavite",South Luzon Infrastructure Builders,Engr. Maria Reyes,7113000,6785000,National Government Fund,Completed,2025-08-21,2026-02-12,2025-12-08,100.0,2026-01-28,Passed,False,2026-03-24,2027-07-17,Complete,Infrastructure is operational.,2025-07-12,2026-09-21
P0177,Community Water System Carmona,Water System,Development and improvement of public water facilities for communities in Carmona.,"Carmona, Cavite",Southern Star Construction Corp.,Engr. Angela Cruz,7225000,7119000,Local Government Fund,Completed,2024-02-11,2024-09-28,2024-08-02,100.0,2025-02-09,Passed,True,2025-06-04,2027-04-10,Complete,Project completed according to approved plans.,2023-12-15,2026-05-08
P0178,Barangay Hall Construction Bacoor,Building,Construction or renovation of a public facility to improve government services in Bacoor.,"Bacoor, Cavite",South Luzon Infrastructure Builders,Engr. Angela Cruz,30239000,27546000,Calabarzon Development Fund,Ongoing,2024-03-04,2024-10-23,,95.0,2025-12-09,Needs Corrective Action,True,,,Pending Documents,Construction activities are proceeding normally.,2024-02-17,2024-03-10
P0179,Public Health Center Construction Imus,Building,Construction or renovation of a public facility to improve government services in Imus.,"Imus, Cavite",Provincial Builders and Engineering,Engr. Daniel Bautista,9153000,4702000,National Government Fund,Delayed,2026-04-29,2027-02-12,,52.0,2026-06-11,For Review,False,,,Pending Documents,Project schedule extended due to site conditions.,2026-02-18,2026-02-25
P0180,Drainage Improvement Bacoor,Drainage,Construction and improvement of drainage infrastructure to reduce localized flooding in Bacoor.,"Bacoor, Cavite",Provincial Builders and Engineering,Engr. Carlo Mendoza,10430000,9356000,Local Development Fund,Ongoing,2025-04-01,2025-10-14,,95.0,2026-01-28,Passed,False,,,Under Review,Construction progressing according to schedule.,2025-03-14,2025-12-25
P0181,Bridge Improvement Naic,Bridge,Structural repair and improvement of bridge facilities serving communities in Naic.,"Naic, Cavite",MetroBuild Construction Services,Engr. Adrian Santos,49576000,27123000,Department of Public Works and Highways,Ongoing,2026-04-01,2027-05-04,,50.2,2026-07-01,Passed,False,,,Under Review,Construction activities are proceeding normally.,2026-02-04,2026-04-14
P0182,Flood Control Improvement Dasmariñas,Flood Control,Construction of flood mitigation infrastructure to protect communities in Dasmariñas.,"Dasmariñas, Cavite",Cavite Prime Construction Corp.,Engr. Angela Cruz,38686000,37007000,Special Infrastructure Fund,Completed,2026-03-08,2026-11-26,2026-06-20,100.0,2026-06-07,For Review,False,2026-07-10,2027-01-18,Complete,Final inspection completed successfully.,2026-01-26,2026-06-11
P0183,Public Market Renovation Bacoor,Building,Construction or renovation of a public facility to improve government services in Bacoor.,"Bacoor, Cavite",Southern Star Construction Corp.,Engr. Roberto Garcia,26836000,26045000,National Government Fund,Ongoing,2025-08-29,2026-06-07,,95.0,2025-09-12,Passed,False,,,Pending Documents,Work is currently ongoing.,2025-06-11,2025-09-15
P0184,Barangay Hall Construction Imus,Building,Construction or renovation of a public facility to improve government services in Imus.,"Imus, Cavite",Cavite Infrastructure Solutions,Engr. Adrian Santos,8018000,221000,Local Government Fund,Planning,2026-11-26,2027-03-31,,5.0,,Not Yet Inspected,False,,,Under Preparation,Awaiting final approval and funding allocation.,2026-09-29,2026-09-29
P0185,Bridge Improvement Carmona,Bridge,Structural repair and improvement of bridge facilities serving communities in Carmona.,"Carmona, Cavite",Cavite Infrastructure Solutions,Engr. Carlo Mendoza,44427000,37927000,National Government Fund,Delayed,2026-03-03,2026-08-26,,78.0,2026-06-06,Passed,False,,,Pending Documents,Project delayed due to weather conditions.,2026-01-12,2026-06-15
P0186,Community Water System Trece Martires,Water System,Development and improvement of public water facilities for communities in Trece Martires.,"Trece Martires, Cavite",Luzon Development Contractors,Engr. Carlo Mendoza,15608000,8895000,National Government Fund,Delayed,2025-10-26,2026-08-04,,56.0,2026-09-05,For Review,False,,,Pending Documents,Construction delayed due to material delivery issues.,2025-09-01,2026-02-05
P0187,Water Supply System Improvement Carmona,Water System,Development and improvement of public water facilities for communities in Carmona.,"Carmona, Cavite",Greenfield Engineering and Construction,Engr. Patricia Ramos,7731000,3409000,Department of Public Works and Highways,Delayed,2025-02-04,2026-03-21,,47.0,2025-09-18,Passed,True,,,Under Review,Construction delayed due to material delivery issues.,2024-12-17,2025-03-06
P0188,Bridge Improvement Imus,Bridge,Structural repair and improvement of bridge facilities serving communities in Imus.,"Imus, Cavite",Southern Star Construction Corp.,Engr. Daniel Bautista,27865000,25965000,National Government Fund,Completed,2025-11-17,2027-02-07,2026-08-05,100.0,2026-03-24,Passed,False,2026-09-24,2027-01-22,Archived,Project completed according to approved plans.,2025-11-04,2026-05-20
P0189,Municipal Building Renovation Kawit,Building,Construction or renovation of a public facility to improve government services in Kawit.,"Kawit, Cavite",Luzon Development Contractors,Engr. Maria Reyes,29296000,27350000,Local Government Fund,Ongoing,2025-01-19,2025-07-09,,95.0,2025-09-06,Passed,True,,,Complete,Construction activities are proceeding normally.,2025-01-10,2025-12-02
P0190,Drainage Improvement Kawit,Drainage,Construction and improvement of drainage infrastructure to reduce localized flooding in Kawit.,"Kawit, Cavite",Provincial Builders and Engineering,Engr. Carlo Mendoza,14736000,13368000,Local Government Fund,Ongoing,2024-03-17,2025-04-21,,95.0,2025-12-05,For Review,False,,,Under Review,Work is currently ongoing.,2023-12-24,2026-06-22
P0191,Road Resurfacing General Trias,Road,Rehabilitation and improvement of existing road facilities in General Trias.,"General Trias, Cavite",Cavite Infrastructure Solutions,Engr. Adrian Santos,10305000,7781000,Local Development Fund,Delayed,2025-02-23,2026-04-02,,79.0,2025-10-24,Passed,False,,,Pending Documents,Project schedule extended due to site conditions.,2025-01-28,2025-03-24
P0192,Road Resurfacing Trece Martires,Road,Rehabilitation and improvement of existing road facilities in Trece Martires.,"Trece Martires, Cavite",South Luzon Infrastructure Builders,Engr. Daniel Bautista,5515000,5077000,National Government Fund,Completed,2025-05-06,2025-12-14,2025-08-28,100.0,2026-02-28,Needs Corrective Action,False,2025-10-26,2027-05-04,Complete,Infrastructure is operational.,2025-02-26,2025-11-24
P0193,Stormwater Drainage Project Tagaytay,Drainage,Construction and improvement of drainage infrastructure to reduce localized flooding in Tagaytay.,"Tagaytay, Cavite",Cavite Infrastructure Solutions,Engr. Daniel Bautista,6161000,5927000,Special Infrastructure Fund,Ongoing,2024-02-15,2024-10-26,,95.0,2025-09-14,Passed,False,,,Pending Documents,Construction progressing according to schedule.,2024-01-29,2025-12-13
P0194,Bridge Improvement Dasmariñas,Bridge,Structural repair and improvement of bridge facilities serving communities in Dasmariñas.,"Dasmariñas, Cavite",MetroBuild Construction Services,Engr. Maria Reyes,48625000,47772000,Local Development Fund,Completed,2026-04-18,2027-05-10,2027-02-16,100.0,2026-08-17,Passed,False,2027-02-16,2027-04-30,Complete,Infrastructure is operational.,2026-04-07,2026-08-13
P0195,Bridge Rehabilitation General Trias,Bridge,Structural repair and improvement of bridge facilities serving communities in General Trias.,"General Trias, Cavite",Provincial Builders and Engineering,Engr. Patricia Ramos,13135000,12898000,Department of Public Works and Highways,Completed,2024-05-09,2024-09-27,2024-09-03,100.0,2024-12-01,Needs Corrective Action,False,2026-05-05,2027-04-09,Complete,Project completed according to approved plans.,2024-04-21,2025-05-23
P0196,Riverbank Protection Project Dasmariñas,Flood Control,Construction of flood mitigation infrastructure to protect communities in Dasmariñas.,"Dasmariñas, Cavite",Cavite Infrastructure Solutions,Engr. Daniel Bautista,37796000,34527000,Department of Public Works and Highways,Completed,2025-09-30,2026-11-24,2026-09-22,100.0,2025-12-15,Passed,False,2026-09-23,2027-01-21,Archived,Project completed according to approved plans.,2025-08-18,2026-05-19
P0197,Municipal Building Renovation Rosario,Building,Construction or renovation of a public facility to improve government services in Rosario.,"Rosario, Cavite",Cavite Infrastructure Solutions,Engr. Adrian Santos,18880000,18393000,Department of Public Works and Highways,Completed,2024-02-08,2024-09-03,2024-06-12,100.0,2026-01-05,Passed,True,2025-05-17,2027-03-29,Complete,Infrastructure is operational.,2023-12-29,2026-07-04
P0198,Stormwater Drainage Project Silang,Drainage,Construction and improvement of drainage infrastructure to reduce localized flooding in Silang.,"Silang, Cavite",Greenfield Engineering and Construction,Engr. Daniel Bautista,4613000,4691000,Calabarzon Development Fund,Completed,2026-05-28,2026-11-14,2026-09-24,100.0,2026-07-23,For Review,False,2026-09-29,2027-06-29,Archived,Project completed according to approved plans.,2026-04-27,2026-08-18
P0199,Public School Building Construction Tagaytay,Building,Construction or renovation of a public facility to improve government services in Tagaytay.,"Tagaytay, Cavite",Cavite Prime Construction Corp.,Engr. Angela Cruz,16400000,15757000,Local Government Fund,Completed,2025-06-11,2025-12-29,2025-09-17,100.0,2025-08-19,For Review,False,2026-07-05,2026-12-12,Complete,Final inspection completed successfully.,2025-05-10,2026-07-12
P0200,Barangay Hall Construction Tagaytay,Building,Construction or renovation of a public facility to improve government services in Tagaytay.,"Tagaytay, Cavite",Cavite Infrastructure Solutions,Engr. Patricia Ramos,20534000,19459000,National Government Fund,Completed,2024-10-07,2025-08-11,2025-08-03,100.0,2025-02-10,Passed,False,2026-04-10,2027-09-28,Complete,Final inspection completed successfully.,2024-08-01,2026-03-24
P0201,Flood Control Drainage Carmona,Drainage,Construction and improvement of drainage infrastructure to reduce localized flooding in Carmona.,"Carmona, Cavite",Greenfield Engineering and Construction,Engr. Roberto Garcia,4955000,85000,Calabarzon Development Fund,Planning,2026-10-08,2027-05-14,,0.0,,Not Yet Inspected,False,,,Under Preparation,Awaiting final approval and funding allocation.,2026-07-11,2026-08-08
P0202,Public School Building Construction Dasmariñas,Building,Construction or renovation of a public facility to improve government services in Dasmariñas.,"Dasmariñas, Cavite",Cavite Infrastructure Solutions,Engr. Sofia Navarro,32611000,31883000,Department of Public Works and Highways,Completed,2026-09-17,2027-01-19,2027-01-15,100.0,2026-09-26,For Review,False,2027-01-15,2027-05-03,Archived,Project turned over to the local government.,2026-07-18,2026-09-04
P0203,Bridge Repair Silang,Bridge,Structural repair and improvement of bridge facilities serving communities in Silang.,"Silang, Cavite",Cavite Infrastructure Solutions,Engr. Roberto Garcia,33379000,30071000,Calabarzon Development Fund,Completed,2026-04-24,2027-07-07,2027-02-11,100.0,2026-07-28,Passed,False,2027-02-11,2027-04-21,Complete,Project completed according to approved plans.,2026-02-15,2026-03-03
P0204,Stormwater Drainage Project Silang,Drainage,Construction and improvement of drainage infrastructure to reduce localized flooding in Silang.,"Silang, Cavite",Cavite Prime Construction Corp.,Engr. Sofia Navarro,4799000,4760000,Department of Public Works and Highways,Completed,2026-09-02,2027-06-01,2027-01-18,100.0,2026-09-03,For Review,False,2027-01-18,2027-06-22,Archived,Project turned over to the local government.,2026-08-09,2026-09-24
P0205,Stormwater Drainage Project Kawit,Drainage,Construction and improvement of drainage infrastructure to reduce localized flooding in Kawit.,"Kawit, Cavite",Luzon Development Contractors,Engr. Carlo Mendoza,9865000,8789000,Calabarzon Development Fund,Ongoing,2024-02-06,2025-03-30,,95.0,2026-02-18,Passed,False,,,Pending Documents,Project is undergoing regular monitoring.,2023-12-16,2025-05-18
P0206,Flood Control Improvement Silang,Flood Control,Construction of flood mitigation infrastructure to protect communities in Silang.,"Silang, Cavite",Greenfield Engineering and Construction,Engr. Roberto Garcia,43248000,1167000,Local Development Fund,Planning,2026-11-02,2027-05-07,,0.0,,Not Yet Inspected,False,,,Complete,Project proposal under evaluation.,2026-09-28,2026-09-29
P0207,Stormwater Drainage Project Silang,Drainage,Construction and improvement of drainage infrastructure to reduce localized flooding in Silang.,"Silang, Cavite",MetroBuild Construction Services,Engr. Carlo Mendoza,3644000,3557000,National Government Fund,Completed,2025-04-19,2025-10-16,2025-09-16,100.0,2025-06-30,Passed,True,2025-11-16,2027-06-11,Archived,Project turned over to the local government.,2025-02-19,2025-04-15
P0208,Stormwater Drainage Project Rosario,Drainage,Construction and improvement of drainage infrastructure to reduce localized flooding in Rosario.,"Rosario, Cavite",Luzon Development Contractors,Engr. Angela Cruz,13349000,12303000,National Government Fund,Completed,2025-04-13,2025-10-23,2025-08-21,100.0,2025-07-04,Passed,False,2025-11-19,2027-05-07,Archived,Project completed according to approved plans.,2025-04-06,2026-07-12
P0209,Flood Control Improvement Tanza,Flood Control,Construction of flood mitigation infrastructure to protect communities in Tanza.,"Tanza, Cavite",Cavite Infrastructure Solutions,Engr. Angela Cruz,32278000,31504000,Local Government Fund,Completed,2026-03-09,2026-08-21,2026-06-23,100.0,2026-06-20,Passed,False,2026-06-23,2026-12-17,Archived,Final inspection completed successfully.,2026-01-14,2026-01-21
P0210,Water Supply System Improvement Trece Martires,Water System,Development and improvement of public water facilities for communities in Trece Martires.,"Trece Martires, Cavite",Cavite Infrastructure Solutions,Engr. Daniel Bautista,6934000,6560000,Calabarzon Development Fund,Completed,2024-08-19,2025-06-11,2025-02-04,100.0,2026-04-13,Passed,True,2025-03-22,2027-04-29,Complete,Infrastructure is operational.,2024-06-07,2026-02-07
P0211,Bridge Repair Tanza,Bridge,Structural repair and improvement of bridge facilities serving communities in Tanza.,"Tanza, Cavite",MetroBuild Construction Services,Engr. Maria Reyes,46728000,42727000,Department of Public Works and Highways,Ongoing,2024-07-11,2025-01-31,,95.0,2025-03-01,Passed,False,,,Complete,Construction progressing according to schedule.,2024-04-20,2025-09-18
P0212,Water Distribution Network Dasmariñas,Water System,Development and improvement of public water facilities for communities in Dasmariñas.,"Dasmariñas, Cavite",Southern Star Construction Corp.,Engr. Daniel Bautista,14347000,13419000,Local Government Fund,Ongoing,2025-10-17,2026-06-24,,95.0,2025-11-10,Passed,False,,,Complete,Construction progressing according to schedule.,2025-09-26,2026-04-27
P0213,Riverbank Protection Project Tanza,Flood Control,Construction of flood mitigation infrastructure to protect communities in Tanza.,"Tanza, Cavite",South Luzon Infrastructure Builders,Engr. Sofia Navarro,21937000,21485000,National Government Fund,Completed,2024-07-29,2025-10-14,2024-10-31,100.0,2026-06-07,Passed,False,2025-03-20,2027-06-30,Complete,Project completed according to approved plans.,2024-06-16,2024-10-10
P0214,Flood Control Improvement Silang,Flood Control,Construction of flood mitigation infrastructure to protect communities in Silang.,"Silang, Cavite",South Luzon Infrastructure Builders,Engr. Maria Reyes,25522000,23461000,Special Infrastructure Fund,Completed,2024-07-25,2025-05-24,2025-04-21,100.0,2026-02-06,Passed,False,2026-08-26,2027-05-16,Complete,Project completed according to approved plans.,2024-07-17,2026-06-04
P0215,Community Water System Bacoor,Water System,Development and improvement of public water facilities for communities in Bacoor.,"Bacoor, Cavite",South Luzon Infrastructure Builders,Engr. Carlo Mendoza,15853000,6757000,Local Government Fund,Delayed,2026-03-09,2027-03-25,,49.0,2026-05-13,Passed,False,,,Under Review,Additional corrective work is required.,2026-01-02,2026-01-27
P0216,Stormwater Drainage Project Trece Martires,Drainage,Construction and improvement of drainage infrastructure to reduce localized flooding in Trece Martires.,"Trece Martires, Cavite",South Luzon Infrastructure Builders,Engr. Patricia Ramos,12098000,10586000,Department of Public Works and Highways,Ongoing,2026-01-26,2026-07-24,,95.0,2026-09-01,Passed,False,,,Under Review,Construction activities are proceeding normally.,2025-11-24,2026-04-10
P0217,Bridge Rehabilitation Kawit,Bridge,Structural repair and improvement of bridge facilities serving communities in Kawit.,"Kawit, Cavite",South Luzon Infrastructure Builders,Engr. Daniel Bautista,37596000,34686000,Special Infrastructure Fund,Ongoing,2025-04-12,2025-12-27,,95.0,2026-06-17,Passed,False,,,Complete,Work is currently ongoing.,2025-03-29,2025-09-08
P0218,Public School Building Construction Trece Martires,Building,Construction or renovation of a public facility to improve government services in Trece Martires.,"Trece Martires, Cavite",Cavite Prime Construction Corp.,Engr. Maria Reyes,24507000,23646000,Department of Public Works and Highways,Ongoing,2025-09-17,2026-07-28,,95.0,2026-09-24,Needs Corrective Action,True,,,Under Review,Construction progressing according to schedule.,2025-07-20,2026-03-02
P0219,Community Water System Dasmariñas,Water System,Development and improvement of public water facilities for communities in Dasmariñas.,"Dasmariñas, Cavite",Provincial Builders and Engineering,Engr. Carlo Mendoza,15857000,14698000,Special Infrastructure Fund,Completed,2025-11-25,2026-12-18,2026-12-15,100.0,2026-05-17,Passed,False,2026-12-15,2027-01-15,Complete,Final inspection completed successfully.,2025-09-18,2026-03-14
P0220,Flood Control Improvement Dasmariñas,Flood Control,Construction of flood mitigation infrastructure to protect communities in Dasmariñas.,"Dasmariñas, Cavite",Provincial Builders and Engineering,Engr. Daniel Bautista,40112000,40286000,National Government Fund,Completed,2024-06-09,2025-06-22,2025-05-05,100.0,2024-08-24,For Review,False,2026-04-08,2027-04-19,Complete,Final inspection completed successfully.,2024-03-24,2026-01-11
P0221,Road Improvement Tanza,Road,Rehabilitation and improvement of existing road facilities in Tanza.,"Tanza, Cavite",Greenfield Engineering and Construction,Engr. Sofia Navarro,13941000,12745000,Department of Public Works and Highways,Completed,2025-04-03,2025-09-15,2025-09-03,100.0,2026-08-25,Passed,True,2026-03-28,2027-06-27,Complete,Project completed according to approved plans.,2025-03-16,2026-01-21
P0222,Drainage Improvement General Trias,Drainage,Construction and improvement of drainage infrastructure to reduce localized flooding in General Trias.,"General Trias, Cavite",Cavite Infrastructure Solutions,Engr. Maria Reyes,8678000,8495000,Local Government Fund,Completed,2024-12-05,2026-01-15,2026-01-06,100.0,2026-03-13,Passed,False,2026-04-29,2026-11-29,Complete,Project turned over to the local government.,2024-09-08,2025-07-03
P0223,Bridge Repair Bacoor,Bridge,Structural repair and improvement of bridge facilities serving communities in Bacoor.,"Bacoor, Cavite",Cavite Prime Construction Corp.,Engr. Maria Reyes,20172000,18629000,Local Development Fund,Completed,2026-01-30,2026-12-25,2026-05-27,100.0,2026-03-01,Needs Corrective Action,False,2026-07-24,2027-03-05,Archived,Project turned over to the local government.,2026-01-10,2026-08-10
P0224,Public School Building Construction Naic,Building,Construction or renovation of a public facility to improve government services in Naic.,"Naic, Cavite",Provincial Builders and Engineering,Engr. Patricia Ramos,9311000,9059000,Special Infrastructure Fund,Ongoing,2025-05-25,2025-09-24,,95.0,2026-07-28,Passed,False,,,Complete,Work is currently ongoing.,2025-05-02,2025-08-16
P0225,Municipal Building Renovation Rosario,Building,Construction or renovation of a public facility to improve government services in Rosario.,"Rosario, Cavite",Greenfield Engineering and Construction,Engr. Angela Cruz,18742000,11149000,National Government Fund,Delayed,2026-02-19,2026-10-24,,62.0,2026-05-05,Passed,True,,,Under Review,Additional corrective work is required.,2025-12-04,2026-05-13
P0226,Flood Mitigation Project Silang,Flood Control,Construction of flood mitigation infrastructure to protect communities in Silang.,"Silang, Cavite",Luzon Development Contractors,Engr. Daniel Bautista,33453000,33955000,Local Government Fund,Completed,2026-08-01,2027-02-04,2027-01-28,100.0,2026-09-02,Passed,False,2027-01-28,2027-01-26,Complete,Infrastructure is operational.,2026-05-12,2026-08-26
P0227,Flood Control Improvement Dasmariñas,Flood Control,Construction of flood mitigation infrastructure to protect communities in Dasmariñas.,"Dasmariñas, Cavite",Cavite Prime Construction Corp.,Engr. Patricia Ramos,36756000,32628000,Local Development Fund,Ongoing,2024-02-24,2024-07-21,,95.0,2024-12-13,Passed,True,,,Complete,Construction activities are proceeding normally.,2024-01-22,2026-03-03
P0228,Road Widening Carmona,Road,Rehabilitation and improvement of existing road facilities in Carmona.,"Carmona, Cavite",Cavite Prime Construction Corp.,Engr. Roberto Garcia,20686000,20600000,National Government Fund,Completed,2025-02-02,2025-10-01,2025-09-10,100.0,2025-11-23,Passed,True,2026-03-24,2027-06-14,Complete,Project turned over to the local government.,2024-11-17,2025-01-11
P0229,Riverbank Protection Project General Trias,Flood Control,Construction of flood mitigation infrastructure to protect communities in General Trias.,"General Trias, Cavite",South Luzon Infrastructure Builders,Engr. Daniel Bautista,30038000,25128000,Local Government Fund,Delayed,2025-12-22,2026-10-26,,82.0,2026-03-31,Passed,False,,,Pending Documents,Project delayed due to weather conditions.,2025-11-22,2026-02-18
P0230,Public Market Renovation Naic,Building,Construction or renovation of a public facility to improve government services in Naic.,"Naic, Cavite",Luzon Development Contractors,Engr. Sofia Navarro,8152000,7510000,Special Infrastructure Fund,Ongoing,2024-06-13,2025-08-06,,95.0,2024-11-18,Passed,False,,,Pending Documents,Construction progressing according to schedule.,2024-03-18,2025-12-08
P0231,Riverbank Protection Project Imus,Flood Control,Construction of flood mitigation infrastructure to protect communities in Imus.,"Imus, Cavite",Cavite Infrastructure Solutions,Engr. Patricia Ramos,43581000,41946000,Department of Public Works and Highways,Completed,2024-11-21,2025-12-15,2025-06-11,100.0,2026-04-22,Passed,False,2026-01-03,2027-01-14,Complete,Final inspection completed successfully.,2024-10-18,2026-08-28
P0232,Drainage Improvement Rosario,Drainage,Construction and improvement of drainage infrastructure to reduce localized flooding in Rosario.,"Rosario, Cavite",South Luzon Infrastructure Builders,Engr. Daniel Bautista,7152000,6411000,Department of Public Works and Highways,Ongoing,2025-07-28,2025-11-29,,95.0,2026-06-21,Passed,False,,,Complete,Construction activities are proceeding normally.,2025-06-03,2026-09-14
P0233,Flood Mitigation Project Silang,Flood Control,Construction of flood mitigation infrastructure to protect communities in Silang.,"Silang, Cavite",South Luzon Infrastructure Builders,Engr. Carlo Mendoza,28065000,250000,Special Infrastructure Fund,Planning,2027-02-10,2027-09-13,,5.0,,Not Yet Inspected,False,,,Complete,Awaiting final approval and funding allocation.,2026-09-29,2026-09-29
P0234,Flood Control Improvement Trece Martires,Flood Control,Construction of flood mitigation infrastructure to protect communities in Trece Martires.,"Trece Martires, Cavite",MetroBuild Construction Services,Engr. Adrian Santos,39577000,244000,Local Development Fund,Planning,2026-11-24,2027-09-15,,5.0,,Not Yet Inspected,False,,,Complete,Procurement documents are under preparation.,2026-08-27,2026-08-31
P0235,Community Water System Dasmariñas,Water System,Development and improvement of public water facilities for communities in Dasmariñas.,"Dasmariñas, Cavite",Southern Star Construction Corp.,Engr. Daniel Bautista,13371000,231000,Local Development Fund,Planning,2026-10-14,2027-03-28,,0.0,,Not Yet Inspected,False,,,Under Preparation,Technical plans are being prepared.,2026-08-16,2026-09-09
P0236,Drainage Improvement Kawit,Drainage,Construction and improvement of drainage infrastructure to reduce localized flooding in Kawit.,"Kawit, Cavite",Luzon Development Contractors,Engr. Sofia Navarro,12072000,11713000,Local Development Fund,Completed,2025-07-01,2025-11-01,2025-10-03,100.0,2026-06-24,For Review,False,2026-06-17,2027-01-21,Complete,Project turned over to the local government.,2025-04-08,2025-07-05
P0237,Barangay Hall Construction Tanza,Building,Construction or renovation of a public facility to improve government services in Tanza.,"Tanza, Cavite",MetroBuild Construction Services,Engr. Maria Reyes,29513000,28434000,Local Government Fund,Ongoing,2024-08-13,2025-02-18,,95.0,2025-06-11,Needs Corrective Action,True,,,Pending Documents,Construction activities are proceeding normally.,2024-08-05,2026-02-22
P0238,Road Improvement Naic,Road,Rehabilitation and improvement of existing road facilities in Naic.,"Naic, Cavite",Greenfield Engineering and Construction,Engr. Roberto Garcia,19829000,18835000,National Government Fund,Ongoing,2024-03-28,2024-12-29,,95.0,2024-10-30,Passed,False,,,Pending Documents,Work is currently ongoing.,2024-03-01,2024-09-05
P0239,Road Widening Trece Martires,Road,Rehabilitation and improvement of existing road facilities in Trece Martires.,"Trece Martires, Cavite",Southern Star Construction Corp.,Engr. Patricia Ramos,20021000,20398000,Department of Public Works and Highways,Completed,2026-05-22,2026-10-16,2026-10-13,100.0,2026-09-17,Passed,True,2026-10-13,2027-01-01,Complete,Project completed according to approved plans.,2026-04-20,2026-09-15
P0240,Bridge Improvement Trece Martires,Bridge,Structural repair and improvement of bridge facilities serving communities in Trece Martires.,"Trece Martires, Cavite",Cavite Infrastructure Solutions,Engr. Patricia Ramos,17740000,16382000,Local Development Fund,Ongoing,2024-10-18,2025-12-29,,95.0,2025-09-19,Passed,False,,,Pending Documents,Work is currently ongoing.,2024-07-31,2026-03-03
P0241,Bridge Rehabilitation Tagaytay,Bridge,Structural repair and improvement of bridge facilities serving communities in Tagaytay.,"Tagaytay, Cavite",South Luzon Infrastructure Builders,Engr. Carlo Mendoza,43604000,38580000,Calabarzon Development Fund,Ongoing,2024-08-14,2025-11-05,,95.0,2026-09-03,Passed,False,,,Under Review,Construction activities are proceeding normally.,2024-06-29,2025-11-09
P0242,Flood Control Improvement Silang,Flood Control,Construction of flood mitigation infrastructure to protect communities in Silang.,"Silang, Cavite",Cavite Prime Construction Corp.,Engr. Roberto Garcia,20687000,20819000,Special Infrastructure Fund,Completed,2024-05-23,2025-06-22,2024-11-29,100.0,2024-08-09,Passed,False,2026-05-02,2026-12-13,Archived,Infrastructure is operational.,2024-03-02,2024-10-05
P0243,Riverbank Protection Project Trece Martires,Flood Control,Construction of flood mitigation infrastructure to protect communities in Trece Martires.,"Trece Martires, Cavite",MetroBuild Construction Services,Engr. Carlo Mendoza,41417000,40206000,Local Development Fund,Completed,2025-01-09,2025-11-25,2025-06-05,100.0,2025-11-02,Passed,False,2025-07-21,2027-06-19,Complete,Project completed according to approved plans.,2024-12-03,2026-08-23
P0244,Bridge Rehabilitation Rosario,Bridge,Structural repair and improvement of bridge facilities serving communities in Rosario.,"Rosario, Cavite",Cavite Infrastructure Solutions,Engr. Daniel Bautista,47567000,32178000,Local Development Fund,Delayed,2025-11-06,2026-05-19,,75.0,2026-07-13,Passed,False,,,Complete,Project delayed due to weather conditions.,2025-10-04,2026-06-26
P0245,Barangay Hall Construction Dasmariñas,Building,Construction or renovation of a public facility to improve government services in Dasmariñas.,"Dasmariñas, Cavite",South Luzon Infrastructure Builders,Engr. Roberto Garcia,25106000,18673000,Local Development Fund,Delayed,2024-11-27,2025-05-18,,78.0,2025-08-23,Passed,False,,,Under Review,Project schedule extended due to site conditions.,2024-10-05,2026-05-29
P0246,Bridge Improvement Kawit,Bridge,Structural repair and improvement of bridge facilities serving communities in Kawit.,"Kawit, Cavite",Luzon Development Contractors,Engr. Angela Cruz,29284000,11704000,National Government Fund,Ongoing,2026-06-07,2027-03-30,,38.3,2026-08-10,For Review,False,,,Complete,Construction progressing according to schedule.,2026-03-27,2026-09-07
P0247,Bridge Rehabilitation Tagaytay,Bridge,Structural repair and improvement of bridge facilities serving communities in Tagaytay.,"Tagaytay, Cavite",Cavite Prime Construction Corp.,Engr. Angela Cruz,19214000,19163000,Local Government Fund,Completed,2026-04-16,2026-10-13,2026-10-07,100.0,2026-05-15,Passed,False,2026-10-07,2027-03-15,Archived,Final inspection completed successfully.,2026-01-17,2026-08-15
P0248,Bridge Improvement Rosario,Bridge,Structural repair and improvement of bridge facilities serving communities in Rosario.,"Rosario, Cavite",Greenfield Engineering and Construction,Engr. Sofia Navarro,32891000,26048000,Special Infrastructure Fund,Ongoing,2025-10-06,2026-10-23,,86.3,2026-02-15,For Review,False,,,Under Review,Construction progressing according to schedule.,2025-08-24,2025-10-06
P0249,Municipal Building Renovation Bacoor,Building,Construction or renovation of a public facility to improve government services in Bacoor.,"Bacoor, Cavite",South Luzon Infrastructure Builders,Engr. Angela Cruz,23731000,22649000,Local Development Fund,Ongoing,2025-02-24,2026-04-27,,95.0,2026-08-01,Passed,False,,,Under Review,Project is undergoing regular monitoring.,2024-12-03,2026-07-30
P0250,Public Health Center Construction Imus,Building,Construction or renovation of a public facility to improve government services in Imus.,"Imus, Cavite",South Luzon Infrastructure Builders,Engr. Maria Reyes,30316000,551000,Local Development Fund,Planning,2027-02-11,2027-10-18,,5.0,,Not Yet Inspected,False,,,Under Preparation,Procurement documents are under preparation.,2026-09-29,2026-09-29
P0251,Water Supply System Improvement Rosario,Water System,Development and improvement of public water facilities for communities in Rosario.,"Rosario, Cavite",Provincial Builders and Engineering,Engr. Carlo Mendoza,10556000,9234000,Department of Public Works and Highways,Ongoing,2024-01-02,2024-12-07,,95.0,2025-06-27,Passed,False,,,Under Review,Project is undergoing regular monitoring.,2023-11-12,2024-05-30
P0252,Public Health Center Construction Imus,Building,Construction or renovation of a public facility to improve government services in Imus.,"Imus, Cavite",Cavite Infrastructure Solutions,Engr. Daniel Bautista,13104000,3701000,Department of Public Works and Highways,Ongoing,2026-06-16,2027-07-19,,24.9,2026-09-25,Passed,False,,,Pending Documents,Construction progressing according to schedule.,2026-04-22,2026-06-13
P0253,Road Widening Kawit,Road,Rehabilitation and improvement of existing road facilities in Kawit.,"Kawit, Cavite",Southern Star Construction Corp.,Engr. Roberto Garcia,13471000,12715000,Department of Public Works and Highways,Completed,2024-09-16,2025-05-27,2025-05-01,100.0,2025-06-25,Needs Corrective Action,False,2025-11-25,2027-06-27,Archived,Infrastructure is operational.,2024-08-18,2025-09-01
P0254,Riverbank Protection Project Carmona,Flood Control,Construction of flood mitigation infrastructure to protect communities in Carmona.,"Carmona, Cavite",Cavite Prime Construction Corp.,Engr. Maria Reyes,26738000,25319000,National Government Fund,Ongoing,2024-05-21,2024-11-17,,95.0,2024-11-02,Passed,False,,,Under Review,Construction progressing according to schedule.,2024-04-24,2025-05-27
P0255,Public School Building Construction Kawit,Building,Construction or renovation of a public facility to improve government services in Kawit.,"Kawit, Cavite",Luzon Development Contractors,Engr. Adrian Santos,10161000,12000,National Government Fund,Planning,2026-12-07,2027-06-01,,0.0,,Not Yet Inspected,False,,,Pending Approval,Procurement documents are under preparation.,2026-09-13,2026-09-29
P0256,Community Water System Tanza,Water System,Development and improvement of public water facilities for communities in Tanza.,"Tanza, Cavite",Cavite Prime Construction Corp.,Engr. Patricia Ramos,5504000,99000,National Government Fund,Planning,2027-02-10,2027-08-22,,0.0,,Not Yet Inspected,False,,,Complete,Awaiting final approval and funding allocation.,2026-09-29,2026-09-29
P0257,Water Supply System Improvement Bacoor,Water System,Development and improvement of public water facilities for communities in Bacoor.,"Bacoor, Cavite",Luzon Development Contractors,Engr. Patricia Ramos,15045000,183000,Department of Public Works and Highways,Planning,2026-12-10,2027-07-20,,0.0,,Not Yet Inspected,False,,,Under Preparation,Project proposal under evaluation.,2026-09-29,2026-09-29
P0258,Drainage Improvement Rosario,Drainage,Construction and improvement of drainage infrastructure to reduce localized flooding in Rosario.,"Rosario, Cavite",Luzon Development Contractors,Engr. Roberto Garcia,3056000,2316000,Calabarzon Development Fund,Delayed,2025-04-10,2026-03-02,,81.0,2026-09-10,Passed,True,,,Under Review,Additional corrective work is required.,2025-03-20,2026-08-27
P0259,Municipal Building Renovation Rosario,Building,Construction or renovation of a public facility to improve government services in Rosario.,"Rosario, Cavite",Greenfield Engineering and Construction,Engr. Angela Cruz,20389000,18772000,Department of Public Works and Highways,Ongoing,2024-09-06,2025-06-26,,95.0,2026-04-29,For Review,False,,,Under Review,Construction progressing according to schedule.,2024-07-13,2026-04-22
P0260,Public Market Renovation Naic,Building,Construction or renovation of a public facility to improve government services in Naic.,"Naic, Cavite",Luzon Development Contractors,Engr. Carlo Mendoza,10511000,9924000,Calabarzon Development Fund,Ongoing,2025-12-18,2026-08-29,,95.0,2026-06-11,Passed,False,,,Under Review,Construction activities are proceeding normally.,2025-10-27,2026-02-15
P0261,Water Supply System Improvement Tanza,Water System,Development and improvement of public water facilities for communities in Tanza.,"Tanza, Cavite",Cavite Prime Construction Corp.,Engr. Sofia Navarro,8102000,7489000,Department of Public Works and Highways,Completed,2024-08-28,2025-04-28,2025-02-01,100.0,2025-05-10,For Review,False,2025-05-21,2027-01-28,Complete,Infrastructure is operational.,2024-06-04,2024-06-10
P0262,Riverbank Protection Project Tanza,Flood Control,Construction of flood mitigation infrastructure to protect communities in Tanza.,"Tanza, Cavite",Southern Star Construction Corp.,Engr. Adrian Santos,28197000,28708000,Special Infrastructure Fund,Completed,2026-06-21,2027-08-09,2027-02-06,100.0,2026-08-25,Passed,False,2027-02-06,2027-09-19,Complete,Project completed according to approved plans.,2026-04-08,2026-07-25
P0263,Stormwater Drainage Project Trece Martires,Drainage,Construction and improvement of drainage infrastructure to reduce localized flooding in Trece Martires.,"Trece Martires, Cavite",MetroBuild Construction Services,Engr. Roberto Garcia,9218000,8645000,National Government Fund,Completed,2025-04-13,2025-10-11,2025-10-09,100.0,2025-04-21,Passed,False,2026-08-02,2027-01-18,Complete,Project turned over to the local government.,2025-01-18,2025-10-10
P0264,Stormwater Drainage Project Rosario,Drainage,Construction and improvement of drainage infrastructure to reduce localized flooding in Rosario.,"Rosario, Cavite",Greenfield Engineering and Construction,Engr. Maria Reyes,8029000,7650000,Calabarzon Development Fund,Ongoing,2024-07-07,2025-07-17,,95.0,2025-07-15,For Review,False,,,Complete,Work is currently ongoing.,2024-04-18,2026-03-21
P0265,Drainage Improvement Naic,Drainage,Construction and improvement of drainage infrastructure to reduce localized flooding in Naic.,"Naic, Cavite",Luzon Development Contractors,Engr. Adrian Santos,14510000,12862000,Local Development Fund,Ongoing,2025-01-25,2025-09-02,,95.0,2025-02-03,Passed,False,,,Pending Documents,Construction activities are proceeding normally.,2024-11-17,2025-09-20
P0266,Road Widening Dasmariñas,Road,Rehabilitation and improvement of existing road facilities in Dasmariñas.,"Dasmariñas, Cavite",South Luzon Infrastructure Builders,Engr. Patricia Ramos,6926000,6593000,Calabarzon Development Fund,Ongoing,2024-09-17,2025-09-15,,95.0,2025-06-10,Passed,False,,,Under Review,Construction activities are proceeding normally.,2024-09-08,2025-11-03
P0267,Flood Control Improvement Rosario,Flood Control,Construction of flood mitigation infrastructure to protect communities in Rosario.,"Rosario, Cavite",MetroBuild Construction Services,Engr. Carlo Mendoza,44319000,41401000,Calabarzon Development Fund,Completed,2025-10-26,2026-11-25,2026-04-23,100.0,2026-04-10,Passed,False,2026-08-15,2027-01-07,Complete,Project turned over to the local government.,2025-08-21,2026-07-10
P0268,Stormwater Drainage Project Trece Martires,Drainage,Construction and improvement of drainage infrastructure to reduce localized flooding in Trece Martires.,"Trece Martires, Cavite",Southern Star Construction Corp.,Engr. Daniel Bautista,4944000,4585000,National Government Fund,Completed,2025-02-18,2025-07-24,2025-05-29,100.0,2026-01-08,Passed,False,2026-04-03,2027-06-18,Complete,Infrastructure is operational.,2024-12-27,2026-08-20
P0269,Bridge Rehabilitation Bacoor,Bridge,Structural repair and improvement of bridge facilities serving communities in Bacoor.,"Bacoor, Cavite",South Luzon Infrastructure Builders,Engr. Maria Reyes,18423000,17458000,Department of Public Works and Highways,Completed,2025-11-08,2026-07-14,2026-02-26,100.0,2025-12-26,Passed,False,2026-07-16,2026-12-25,Complete,Infrastructure is operational.,2025-08-26,2026-09-21
P0270,Flood Control Improvement Imus,Flood Control,Construction of flood mitigation infrastructure to protect communities in Imus.,"Imus, Cavite",Southern Star Construction Corp.,Engr. Sofia Navarro,19569000,19344000,Special Infrastructure Fund,Completed,2026-06-25,2027-05-10,2026-12-11,100.0,2026-08-20,Passed,True,2026-12-11,2027-02-23,Complete,Project completed according to approved plans.,2026-05-04,2026-07-26
P0271,Flood Control Drainage Tanza,Drainage,Construction and improvement of drainage infrastructure to reduce localized flooding in Tanza.,"Tanza, Cavite",Greenfield Engineering and Construction,Engr. Maria Reyes,10171000,1343000,Local Development Fund,Ongoing,2026-08-29,2027-09-29,,10.0,2026-09-25,Passed,False,,,Under Review,Construction activities are proceeding normally.,2026-06-22,2026-08-30
P0272,Stormwater Drainage Project Kawit,Drainage,Construction and improvement of drainage infrastructure to reduce localized flooding in Kawit.,"Kawit, Cavite",Cavite Prime Construction Corp.,Engr. Daniel Bautista,12785000,12315000,Department of Public Works and Highways,Ongoing,2024-11-06,2025-03-11,,95.0,2025-10-24,Passed,False,,,Pending Documents,Project is undergoing regular monitoring.,2024-08-30,2025-07-02
P0273,Flood Control Improvement Dasmariñas,Flood Control,Construction of flood mitigation infrastructure to protect communities in Dasmariñas.,"Dasmariñas, Cavite",Provincial Builders and Engineering,Engr. Angela Cruz,26425000,23716000,Special Infrastructure Fund,Ongoing,2024-07-12,2025-06-07,,95.0,2026-07-14,Passed,False,,,Under Review,Work is currently ongoing.,2024-06-02,2024-08-22
P0274,Flood Mitigation Project Trece Martires,Flood Control,Construction of flood mitigation infrastructure to protect communities in Trece Martires.,"Trece Martires, Cavite",Southern Star Construction Corp.,Engr. Angela Cruz,25626000,24558000,Department of Public Works and Highways,Ongoing,2025-10-26,2026-11-22,,91.2,2026-01-27,Passed,True,,,Under Review,Project is undergoing regular monitoring.,2025-09-15,2026-09-08
P0275,Road Widening Dasmariñas,Road,Rehabilitation and improvement of existing road facilities in Dasmariñas.,"Dasmariñas, Cavite",Cavite Infrastructure Solutions,Engr. Daniel Bautista,10642000,4789000,Department of Public Works and Highways,Delayed,2024-01-23,2024-08-25,,51.0,2025-04-15,Passed,False,,,Complete,Project delayed due to weather conditions.,2023-11-14,2025-01-31
P0276,Public Market Renovation Tanza,Building,Construction or renovation of a public facility to improve government services in Tanza.,"Tanza, Cavite",Provincial Builders and Engineering,Engr. Adrian Santos,30776000,31213000,Local Government Fund,Completed,2024-02-02,2024-11-17,2024-05-22,100.0,2024-03-30,Passed,False,2025-11-29,2027-07-26,Complete,Final inspection completed successfully.,2023-12-25,2026-04-09
P0277,Water Supply System Improvement Kawit,Water System,Development and improvement of public water facilities for communities in Kawit.,"Kawit, Cavite",Cavite Prime Construction Corp.,Engr. Maria Reyes,7988000,7894000,Department of Public Works and Highways,Completed,2025-03-29,2025-11-30,2025-07-05,100.0,2025-07-03,Passed,False,2026-03-04,2027-06-15,Archived,Project turned over to the local government.,2025-02-09,2025-07-21
P0278,Public Market Renovation General Trias,Building,Construction or renovation of a public facility to improve government services in General Trias.,"General Trias, Cavite",Cavite Prime Construction Corp.,Engr. Sofia Navarro,14371000,13189000,Calabarzon Development Fund,Ongoing,2024-02-23,2024-10-11,,95.0,2024-03-09,Passed,False,,,Complete,Project is undergoing regular monitoring.,2024-01-16,2024-01-25
P0279,Flood Control Improvement Tagaytay,Flood Control,Construction of flood mitigation infrastructure to protect communities in Tagaytay.,"Tagaytay, Cavite",Cavite Infrastructure Solutions,Engr. Patricia Ramos,15016000,14629000,Local Development Fund,Completed,2024-09-11,2025-03-30,2025-02-11,100.0,2026-06-13,Passed,False,2025-07-18,2027-08-29,Complete,Final inspection completed successfully.,2024-07-04,2025-02-27
P0280,Water Supply System Improvement Dasmariñas,Water System,Development and improvement of public water facilities for communities in Dasmariñas.,"Dasmariñas, Cavite",Cavite Infrastructure Solutions,Engr. Sofia Navarro,18480000,17708000,Department of Public Works and Highways,Completed,2025-01-01,2025-07-08,2025-05-03,100.0,2026-03-25,Passed,False,2026-09-16,2027-03-05,Archived,Final inspection completed successfully.,2024-10-17,2025-10-08
P0281,Flood Mitigation Project Bacoor,Flood Control,Construction of flood mitigation infrastructure to protect communities in Bacoor.,"Bacoor, Cavite",Provincial Builders and Engineering,Engr. Carlo Mendoza,39041000,634000,Local Government Fund,Planning,2026-11-09,2027-07-02,,0.0,,Not Yet Inspected,False,,,Pending Approval,Project proposal under evaluation.,2026-08-13,2026-09-14
P0282,Riverbank Protection Project Rosario,Flood Control,Construction of flood mitigation infrastructure to protect communities in Rosario.,"Rosario, Cavite",South Luzon Infrastructure Builders,Engr. Maria Reyes,29786000,27183000,Special Infrastructure Fund,Ongoing,2026-01-08,2026-06-09,,95.0,2026-09-19,For Review,False,,,Under Review,Construction activities are proceeding normally.,2025-11-10,2026-04-23
P0283,Water Supply System Improvement Dasmariñas,Water System,Development and improvement of public water facilities for communities in Dasmariñas.,"Dasmariñas, Cavite",Greenfield Engineering and Construction,Engr. Maria Reyes,5469000,4992000,Local Government Fund,Completed,2024-05-12,2024-12-09,2024-11-29,100.0,2024-11-24,Passed,False,2025-12-31,2027-08-05,Archived,Project turned over to the local government.,2024-04-29,2025-05-09
P0284,Bridge Improvement Tanza,Bridge,Structural repair and improvement of bridge facilities serving communities in Tanza.,"Tanza, Cavite",Cavite Prime Construction Corp.,Engr. Maria Reyes,42041000,28155000,Department of Public Works and Highways,Delayed,2026-05-02,2026-10-09,,74.0,2026-09-21,Passed,False,,,Under Review,Project delayed due to weather conditions.,2026-02-06,2026-04-15
P0285,Road Widening Naic,Road,Rehabilitation and improvement of existing road facilities in Naic.,"Naic, Cavite",Provincial Builders and Engineering,Engr. Maria Reyes,8789000,139000,Calabarzon Development Fund,Planning,2026-11-29,2027-08-12,,5.0,,Not Yet Inspected,False,,,Under Preparation,Awaiting final approval and funding allocation.,2026-09-12,2026-09-29
P0286,Riverbank Protection Project Trece Martires,Flood Control,Construction of flood mitigation infrastructure to protect communities in Trece Martires.,"Trece Martires, Cavite",Cavite Infrastructure Solutions,Engr. Patricia Ramos,17505000,15577000,Local Development Fund,Ongoing,2025-11-12,2026-10-16,,95.0,2026-06-05,Passed,False,,,Pending Documents,Project is undergoing regular monitoring.,2025-09-21,2026-03-01
P0287,Community Water System Carmona,Water System,Development and improvement of public water facilities for communities in Carmona.,"Carmona, Cavite",Cavite Prime Construction Corp.,Engr. Carlo Mendoza,10626000,9888000,Department of Public Works and Highways,Ongoing,2024-09-03,2025-10-16,,95.0,2025-05-21,Passed,False,,,Under Review,Construction progressing according to schedule.,2024-08-23,2025-06-10
P0288,Road Resurfacing General Trias,Road,Rehabilitation and improvement of existing road facilities in General Trias.,"General Trias, Cavite",Southern Star Construction Corp.,Engr. Patricia Ramos,23867000,22923000,National Government Fund,Ongoing,2024-11-18,2025-03-29,,95.0,2026-06-07,Passed,False,,,Pending Documents,Work is currently ongoing.,2024-10-30,2024-12-07
P0289,Bridge Repair Tagaytay,Bridge,Structural repair and improvement of bridge facilities serving communities in Tagaytay.,"Tagaytay, Cavite",South Luzon Infrastructure Builders,Engr. Roberto Garcia,42443000,38667000,Local Government Fund,Completed,2024-09-12,2025-05-09,2025-02-14,100.0,2025-10-26,Passed,False,2025-05-04,2027-05-13,Complete,Final inspection completed successfully.,2024-07-05,2026-06-11
P0290,Water Distribution Network Kawit,Water System,Development and improvement of public water facilities for communities in Kawit.,"Kawit, Cavite",Provincial Builders and Engineering,Engr. Adrian Santos,18197000,237000,Department of Public Works and Highways,Planning,2026-10-15,2027-05-08,,0.0,,Not Yet Inspected,False,,,Under Preparation,Awaiting final approval and funding allocation.,2026-07-17,2026-07-18
P0291,Flood Control Improvement Tagaytay,Flood Control,Construction of flood mitigation infrastructure to protect communities in Tagaytay.,"Tagaytay, Cavite",Luzon Development Contractors,Engr. Daniel Bautista,19286000,16886000,National Government Fund,Ongoing,2024-06-02,2025-03-16,,95.0,2026-06-21,Needs Corrective Action,False,,,Pending Documents,Construction progressing according to schedule.,2024-04-28,2025-07-14
P0292,Bridge Repair Imus,Bridge,Structural repair and improvement of bridge facilities serving communities in Imus.,"Imus, Cavite",Southern Star Construction Corp.,Engr. Daniel Bautista,20502000,18736000,Calabarzon Development Fund,Ongoing,2026-02-02,2026-06-27,,95.0,2026-05-24,For Review,True,,,Complete,Project is undergoing regular monitoring.,2025-11-16,2026-02-25
P0293,Flood Control Improvement Naic,Flood Control,Construction of flood mitigation infrastructure to protect communities in Naic.,"Naic, Cavite",Cavite Infrastructure Solutions,Engr. Angela Cruz,19996000,18635000,Department of Public Works and Highways,Completed,2026-01-23,2027-02-15,2026-08-27,100.0,2026-05-13,Passed,False,2026-09-01,2027-01-24,Archived,Infrastructure is operational.,2025-11-23,2026-05-29
P0294,Flood Control Drainage Trece Martires,Drainage,Construction and improvement of drainage infrastructure to reduce localized flooding in Trece Martires.,"Trece Martires, Cavite",Greenfield Engineering and Construction,Engr. Angela Cruz,10395000,309000,Calabarzon Development Fund,Planning,2026-12-18,2027-05-30,,0.0,,Not Yet Inspected,False,,,Pending Approval,Awaiting final approval and funding allocation.,2026-09-29,2026-09-29
P0295,Drainage Improvement Carmona,Drainage,Construction and improvement of drainage infrastructure to reduce localized flooding in Carmona.,"Carmona, Cavite",Cavite Infrastructure Solutions,Engr. Angela Cruz,14387000,14548000,Calabarzon Development Fund,Completed,2024-04-25,2024-09-19,2024-08-08,100.0,2026-08-25,For Review,True,2026-07-19,2027-01-23,Complete,Infrastructure is operational.,2024-02-18,2024-03-12
P0296,Flood Control Improvement General Trias,Flood Control,Construction of flood mitigation infrastructure to protect communities in General Trias.,"General Trias, Cavite",Cavite Prime Construction Corp.,Engr. Roberto Garcia,32560000,31878000,National Government Fund,Ongoing,2026-02-07,2026-10-17,,93.6,2026-08-03,Passed,True,,,Pending Documents,Construction progressing according to schedule.,2025-12-30,2026-03-27
P0297,Water Distribution Network Silang,Water System,Development and improvement of public water facilities for communities in Silang.,"Silang, Cavite",Luzon Development Contractors,Engr. Daniel Bautista,14906000,296000,National Government Fund,Planning,2026-10-03,2027-02-17,,5.0,,Not Yet Inspected,False,,,Complete,Technical plans are being prepared.,2026-09-13,2026-09-13
P0298,Public School Building Construction Carmona,Building,Construction or renovation of a public facility to improve government services in Carmona.,"Carmona, Cavite",Luzon Development Contractors,Engr. Patricia Ramos,13033000,196000,Local Development Fund,Planning,2026-12-20,2027-08-21,,0.0,,Not Yet Inspected,False,,,Pending Approval,Project proposal under evaluation.,2026-09-29,2026-09-29
P0299,Public Health Center Construction Dasmariñas,Building,Construction or renovation of a public facility to improve government services in Dasmariñas.,"Dasmariñas, Cavite",Luzon Development Contractors,Engr. Angela Cruz,14378000,14056000,National Government Fund,Ongoing,2024-12-26,2025-10-23,,95.0,2026-05-23,Passed,True,,,Under Review,Project is undergoing regular monitoring.,2024-12-16,2026-07-07
P0300,Stormwater Drainage Project Trece Martires,Drainage,Construction and improvement of drainage infrastructure to reduce localized flooding in Trece Martires.,"Trece Martires, Cavite",Southern Star Construction Corp.,Engr. Carlo Mendoza,11136000,9718000,National Government Fund,Ongoing,2026-01-17,2026-11-28,,81.3,2026-05-13,Passed,False,,,Under Review,Construction activities are proceeding normally.,2025-10-25,2026-04-11
P0301,Water Supply System Improvement Rosario,Water System,Development and improvement of public water facilities for communities in Rosario.,"Rosario, Cavite",South Luzon Infrastructure Builders,Engr. Carlo Mendoza,9635000,8785000,Department of Public Works and Highways,Ongoing,2026-03-30,2026-11-08,,87.9,2026-08-11,For Review,False,,,Complete,Work is currently ongoing.,2026-02-11,2026-02-28
P0302,Bridge Improvement Dasmariñas,Bridge,Structural repair and improvement of bridge facilities serving communities in Dasmariñas.,"Dasmariñas, Cavite",Luzon Development Contractors,Engr. Angela Cruz,22134000,21901000,Special Infrastructure Fund,Completed,2026-06-20,2027-05-17,2027-01-01,100.0,2026-09-09,Needs Corrective Action,False,2027-01-01,2027-03-04,Complete,Final inspection completed successfully.,2026-05-21,2026-05-27
P0303,Bridge Rehabilitation Trece Martires,Bridge,Structural repair and improvement of bridge facilities serving communities in Trece Martires.,"Trece Martires, Cavite",Southern Star Construction Corp.,Engr. Sofia Navarro,15363000,390000,National Government Fund,Planning,2026-10-21,2027-08-13,,5.0,,Not Yet Inspected,False,,,Pending Approval,Technical plans are being prepared.,2026-09-21,2026-09-27
P0304,Bridge Rehabilitation General Trias,Bridge,Structural repair and improvement of bridge facilities serving communities in General Trias.,"General Trias, Cavite",Southern Star Construction Corp.,Engr. Sofia Navarro,18902000,381000,Calabarzon Development Fund,Planning,2026-10-04,2027-04-11,,5.0,,Not Yet Inspected,False,,,Under Preparation,Awaiting final approval and funding allocation.,2026-09-19,2026-09-21
P0305,Stormwater Drainage Project General Trias,Drainage,Construction and improvement of drainage infrastructure to reduce localized flooding in General Trias.,"General Trias, Cavite",Southern Star Construction Corp.,Engr. Sofia Navarro,12892000,12237000,Local Government Fund,Ongoing,2026-03-05,2026-07-24,,95.0,2026-06-13,Passed,False,,,Pending Documents,Construction progressing according to schedule.,2025-12-22,2026-02-15
P0306,Bridge Improvement Naic,Bridge,Structural repair and improvement of bridge facilities serving communities in Naic.,"Naic, Cavite",Provincial Builders and Engineering,Engr. Roberto Garcia,30645000,28787000,Special Infrastructure Fund,Ongoing,2026-01-22,2026-06-11,,95.0,2026-02-03,Passed,False,,,Under Review,Construction activities are proceeding normally.,2025-11-17,2026-02-10
P0307,Road Widening Tanza,Road,Rehabilitation and improvement of existing road facilities in Tanza.,"Tanza, Cavite",Luzon Development Contractors,Engr. Patricia Ramos,7263000,7215000,Calabarzon Development Fund,Completed,2025-04-07,2025-09-20,2025-09-08,100.0,2025-08-23,Passed,False,2025-09-20,2027-02-27,Complete,Final inspection completed successfully.,2025-02-01,2025-05-04
P0308,Water Distribution Network Bacoor,Water System,Development and improvement of public water facilities for communities in Bacoor.,"Bacoor, Cavite",MetroBuild Construction Services,Engr. Patricia Ramos,15593000,15220000,Special Infrastructure Fund,Completed,2024-05-06,2024-10-19,2024-08-18,100.0,2024-08-01,Passed,False,2026-01-23,2027-02-17,Complete,Infrastructure is operational.,2024-04-24,2026-06-19
P0309,Water Supply System Improvement Bacoor,Water System,Development and improvement of public water facilities for communities in Bacoor.,"Bacoor, Cavite",Southern Star Construction Corp.,Engr. Sofia Navarro,9621000,9502000,Special Infrastructure Fund,Completed,2024-07-02,2024-11-25,2024-10-26,100.0,2025-10-01,Passed,True,2025-03-09,2027-03-11,Complete,Project turned over to the local government.,2024-06-24,2025-10-06
P0310,Road Improvement General Trias,Road,Rehabilitation and improvement of existing road facilities in General Trias.,"General Trias, Cavite",MetroBuild Construction Services,Engr. Adrian Santos,13838000,12581000,Calabarzon Development Fund,Ongoing,2025-11-06,2026-11-04,,89.3,2025-11-09,Passed,False,,,Pending Documents,Work is currently ongoing.,2025-10-24,2026-01-26
P0311,Drainage Improvement Bacoor,Drainage,Construction and improvement of drainage infrastructure to reduce localized flooding in Bacoor.,"Bacoor, Cavite",MetroBuild Construction Services,Engr. Sofia Navarro,6581000,6650000,Calabarzon Development Fund,Completed,2025-11-14,2027-01-03,2026-12-17,100.0,2025-12-09,Passed,False,2026-12-17,2027-02-18,Archived,Project turned over to the local government.,2025-08-21,2026-07-25
P0312,Riverbank Protection Project Dasmariñas,Flood Control,Construction of flood mitigation infrastructure to protect communities in Dasmariñas.,"Dasmariñas, Cavite",MetroBuild Construction Services,Engr. Maria Reyes,41618000,1024000,Calabarzon Development Fund,Planning,2026-12-16,2027-07-06,,0.0,,Not Yet Inspected,False,,,Pending Approval,Project proposal under evaluation.,2026-09-29,2026-09-29
P0313,Stormwater Drainage Project Naic,Drainage,Construction and improvement of drainage infrastructure to reduce localized flooding in Naic.,"Naic, Cavite",Cavite Infrastructure Solutions,Engr. Roberto Garcia,4312000,4098000,Special Infrastructure Fund,Ongoing,2024-08-02,2025-03-17,,95.0,2026-05-08,Passed,True,,,Pending Documents,Construction activities are proceeding normally.,2024-06-02,2026-02-15
P0314,Flood Mitigation Project Tagaytay,Flood Control,Construction of flood mitigation infrastructure to protect communities in Tagaytay.,"Tagaytay, Cavite",South Luzon Infrastructure Builders,Engr. Adrian Santos,29150000,22769000,Local Development Fund,Delayed,2025-09-21,2026-11-03,,76.0,2026-05-31,For Review,False,,,Complete,Additional corrective work is required.,2025-08-21,2025-08-21
P0315,Water Supply System Improvement Carmona,Water System,Development and improvement of public water facilities for communities in Carmona.,"Carmona, Cavite",South Luzon Infrastructure Builders,Engr. Roberto Garcia,11211000,10539000,Department of Public Works and Highways,Completed,2026-03-29,2027-06-07,2027-01-25,100.0,2026-08-19,For Review,False,2027-01-25,2027-03-11,Archived,Project turned over to the local government.,2026-02-18,2026-09-08
P0316,Flood Mitigation Project Tagaytay,Flood Control,Construction of flood mitigation infrastructure to protect communities in Tagaytay.,"Tagaytay, Cavite",Southern Star Construction Corp.,Engr. Carlo Mendoza,25070000,24275000,Calabarzon Development Fund,Completed,2024-04-26,2025-02-10,2024-10-20,100.0,2024-05-25,For Review,True,2025-10-01,2027-07-31,Complete,Project completed according to approved plans.,2024-01-28,2024-06-15
P0317,Public School Building Construction Tagaytay,Building,Construction or renovation of a public facility to improve government services in Tagaytay.,"Tagaytay, Cavite",Cavite Infrastructure Solutions,Engr. Patricia Ramos,9513000,5540000,Local Government Fund,Ongoing,2026-04-13,2027-03-10,,57.9,2026-09-04,Passed,False,,,Pending Documents,Construction progressing according to schedule.,2026-03-11,2026-08-05
P0318,Bridge Repair Dasmariñas,Bridge,Structural repair and improvement of bridge facilities serving communities in Dasmariñas.,"Dasmariñas, Cavite",Provincial Builders and Engineering,Engr. Maria Reyes,16639000,15585000,Local Development Fund,Ongoing,2025-01-19,2026-04-04,,95.0,2025-07-29,Passed,False,,,Under Review,Construction activities are proceeding normally.,2025-01-08,2025-10-13
P0319,Bridge Repair Tanza,Bridge,Structural repair and improvement of bridge facilities serving communities in Tanza.,"Tanza, Cavite",Greenfield Engineering and Construction,Engr. Patricia Ramos,22093000,20181000,Local Development Fund,Completed,2024-11-05,2025-06-23,2025-06-17,100.0,2024-12-13,For Review,False,2026-01-30,2027-08-14,Complete,Infrastructure is operational.,2024-08-26,2025-01-30
P0320,Water Distribution Network Silang,Water System,Development and improvement of public water facilities for communities in Silang.,"Silang, Cavite",South Luzon Infrastructure Builders,Engr. Patricia Ramos,15151000,13877000,Local Development Fund,Completed,2024-05-26,2024-11-12,2024-10-29,100.0,2026-06-06,Passed,False,2026-04-16,2027-01-26,Complete,Project turned over to the local government.,2024-05-14,2026-04-17
P0321,Road Rehabilitation Naic,Road,Rehabilitation and improvement of existing road facilities in Naic.,"Naic, Cavite",Luzon Development Contractors,Engr. Carlo Mendoza,16551000,15516000,National Government Fund,Completed,2026-02-02,2026-11-08,2026-05-08,100.0,2026-09-18,Passed,False,2026-07-20,2027-04-18,Archived,Project turned over to the local government.,2025-12-01,2026-01-30
P0322,Drainage Improvement Dasmariñas,Drainage,Construction and improvement of drainage infrastructure to reduce localized flooding in Dasmariñas.,"Dasmariñas, Cavite",Luzon Development Contractors,Engr. Patricia Ramos,5479000,2663000,Special Infrastructure Fund,Delayed,2025-07-27,2026-08-14,,51.0,2026-01-06,Passed,False,,,Under Review,Construction delayed due to material delivery issues.,2025-06-29,2025-08-04
P0323,Barangay Hall Construction Bacoor,Building,Construction or renovation of a public facility to improve government services in Bacoor.,"Bacoor, Cavite",Luzon Development Contractors,Engr. Patricia Ramos,9453000,121000,National Government Fund,Planning,2026-10-13,2027-03-09,,5.0,,Not Yet Inspected,False,,,Under Preparation,Procurement documents are under preparation.,2026-07-20,2026-09-03
P0324,Water Distribution Network Naic,Water System,Development and improvement of public water facilities for communities in Naic.,"Naic, Cavite",Luzon Development Contractors,Engr. Sofia Navarro,6394000,154000,Local Development Fund,Planning,2027-01-28,2027-10-20,,0.0,,Not Yet Inspected,False,,,Complete,Procurement documents are under preparation.,2026-09-29,2026-09-29
P0325,Bridge Rehabilitation Bacoor,Bridge,Structural repair and improvement of bridge facilities serving communities in Bacoor.,"Bacoor, Cavite",South Luzon Infrastructure Builders,Engr. Patricia Ramos,25683000,25271000,Local Development Fund,Completed,2025-09-23,2026-06-02,2026-03-25,100.0,2026-08-29,Passed,False,2026-06-16,2027-07-18,Complete,Project completed according to approved plans.,2025-09-08,2026-05-09
P0326,Public Health Center Construction Silang,Building,Construction or renovation of a public facility to improve government services in Silang.,"Silang, Cavite",Provincial Builders and Engineering,Engr. Angela Cruz,21715000,20601000,Special Infrastructure Fund,Completed,2025-09-10,2026-10-29,2026-02-12,100.0,2026-09-10,For Review,False,2026-07-28,2027-01-03,Complete,Infrastructure is operational.,2025-07-14,2026-05-12
P0327,Bridge Improvement Bacoor,Bridge,Structural repair and improvement of bridge facilities serving communities in Bacoor.,"Bacoor, Cavite",Southern Star Construction Corp.,Engr. Maria Reyes,18330000,12667000,Special Infrastructure Fund,Delayed,2025-01-28,2025-06-30,,66.0,2026-04-14,For Review,False,,,Under Review,Construction delayed due to material delivery issues.,2024-12-30,2025-03-19
P0328,Riverbank Protection Project Tagaytay,Flood Control,Construction of flood mitigation infrastructure to protect communities in Tagaytay.,"Tagaytay, Cavite",Cavite Prime Construction Corp.,Engr. Maria Reyes,22165000,21028000,National Government Fund,Completed,2026-04-21,2027-04-03,2026-10-18,100.0,2026-09-21,Passed,False,2026-10-18,2027-06-10,Complete,Infrastructure is operational.,2026-01-22,2026-07-10
P0329,Bridge Improvement Trece Martires,Bridge,Structural repair and improvement of bridge facilities serving communities in Trece Martires.,"Trece Martires, Cavite",South Luzon Infrastructure Builders,Engr. Adrian Santos,15969000,15390000,Special Infrastructure Fund,Completed,2026-02-14,2026-08-28,2026-08-07,100.0,2026-05-24,Passed,False,2026-08-20,2027-05-09,Complete,Project turned over to the local government.,2025-12-14,2026-06-08
P0330,Riverbank Protection Project Bacoor,Flood Control,Construction of flood mitigation infrastructure to protect communities in Bacoor.,"Bacoor, Cavite",Cavite Infrastructure Solutions,Engr. Daniel Bautista,43941000,39551000,Local Development Fund,Completed,2024-03-04,2025-01-07,2024-10-20,100.0,2025-09-28,For Review,False,2025-08-04,2026-12-13,Complete,Infrastructure is operational.,2023-12-13,2025-01-19
P0331,Municipal Building Renovation Naic,Building,Construction or renovation of a public facility to improve government services in Naic.,"Naic, Cavite",South Luzon Infrastructure Builders,Engr. Adrian Santos,22996000,22140000,National Government Fund,Ongoing,2024-06-26,2025-06-24,,95.0,2025-06-29,For Review,False,,,Pending Documents,Work is currently ongoing.,2024-06-02,2024-06-13
P0332,Community Water System Trece Martires,Water System,Development and improvement of public water facilities for communities in Trece Martires.,"Trece Martires, Cavite",Provincial Builders and Engineering,Engr. Sofia Navarro,17089000,16484000,Local Development Fund,Ongoing,2024-05-19,2024-10-29,,95.0,2026-08-04,Passed,False,,,Pending Documents,Work is currently ongoing.,2024-03-15,2025-08-18
P0333,Drainage Improvement Bacoor,Drainage,Construction and improvement of drainage infrastructure to reduce localized flooding in Bacoor.,"Bacoor, Cavite",Southern Star Construction Corp.,Engr. Patricia Ramos,11771000,11163000,Local Government Fund,Ongoing,2024-01-08,2025-02-26,,95.0,2024-10-09,Passed,False,,,Under Review,Construction progressing according to schedule.,2023-12-28,2025-07-31
P0334,Riverbank Protection Project Carmona,Flood Control,Construction of flood mitigation infrastructure to protect communities in Carmona.,"Carmona, Cavite",South Luzon Infrastructure Builders,Engr. Roberto Garcia,29059000,456000,Special Infrastructure Fund,Planning,2027-02-12,2027-08-22,,5.0,,Not Yet Inspected,False,,,Complete,Project proposal under evaluation.,2026-09-29,2026-09-29
P0335,Road Resurfacing Naic,Road,Rehabilitation and improvement of existing road facilities in Naic.,"Naic, Cavite",Luzon Development Contractors,Engr. Adrian Santos,23121000,22401000,Calabarzon Development Fund,Completed,2025-04-25,2026-04-12,2026-04-12,100.0,2026-03-30,Passed,False,2026-06-26,2027-04-25,Complete,Project completed according to approved plans.,2025-02-01,2025-12-09
P0336,Public School Building Construction Bacoor,Building,Construction or renovation of a public facility to improve government services in Bacoor.,"Bacoor, Cavite",Cavite Prime Construction Corp.,Engr. Maria Reyes,8737000,8372000,Special Infrastructure Fund,Completed,2025-11-03,2026-07-30,2026-07-10,100.0,2026-01-06,Passed,False,2026-08-14,2027-04-06,Complete,Project turned over to the local government.,2025-09-22,2026-01-31
P0337,Bridge Improvement Carmona,Bridge,Structural repair and improvement of bridge facilities serving communities in Carmona.,"Carmona, Cavite",MetroBuild Construction Services,Engr. Sofia Navarro,20450000,19368000,Local Development Fund,Ongoing,2025-04-02,2026-02-05,,95.0,2026-08-11,Passed,False,,,Complete,Construction activities are proceeding normally.,2025-03-16,2025-08-11
P0338,Public Health Center Construction Trece Martires,Building,Construction or renovation of a public facility to improve government services in Trece Martires.,"Trece Martires, Cavite",Southern Star Construction Corp.,Engr. Roberto Garcia,27828000,25267000,Local Development Fund,Ongoing,2025-10-14,2026-05-07,,95.0,2026-09-07,Passed,False,,,Complete,Work is currently ongoing.,2025-08-09,2026-03-01
P0339,Water Distribution Network General Trias,Water System,Development and improvement of public water facilities for communities in General Trias.,"General Trias, Cavite",Cavite Prime Construction Corp.,Engr. Maria Reyes,7177000,6698000,Special Infrastructure Fund,Ongoing,2025-12-23,2026-11-07,,87.4,2025-12-29,Passed,False,,,Under Review,Construction activities are proceeding normally.,2025-10-10,2026-09-24
P0340,Community Water System Kawit,Water System,Development and improvement of public water facilities for communities in Kawit.,"Kawit, Cavite",Cavite Prime Construction Corp.,Engr. Adrian Santos,9055000,9021000,Local Government Fund,Completed,2025-10-29,2026-07-15,2026-04-22,100.0,2026-03-08,Passed,False,2026-06-22,2027-09-25,Complete,Project turned over to the local government.,2025-09-29,2026-03-08
P0341,Road Improvement Imus,Road,Rehabilitation and improvement of existing road facilities in Imus.,"Imus, Cavite",South Luzon Infrastructure Builders,Engr. Maria Reyes,19505000,15629000,Local Government Fund,Ongoing,2025-12-02,2026-11-15,,84.1,2025-12-19,Passed,True,,,Pending Documents,Work is currently ongoing.,2025-09-10,2026-08-02
P0342,Flood Control Improvement Kawit,Flood Control,Construction of flood mitigation infrastructure to protect communities in Kawit.,"Kawit, Cavite",Provincial Builders and Engineering,Engr. Patricia Ramos,41568000,40881000,Department of Public Works and Highways,Completed,2026-07-10,2027-08-23,2027-01-10,100.0,2026-08-11,Passed,False,2027-01-10,2027-01-05,Archived,Infrastructure is operational.,2026-05-29,2026-09-04
P0343,Bridge Rehabilitation Silang,Bridge,Structural repair and improvement of bridge facilities serving communities in Silang.,"Silang, Cavite",Provincial Builders and Engineering,Engr. Angela Cruz,49838000,46399000,Special Infrastructure Fund,Completed,2025-01-26,2025-12-10,2025-07-20,100.0,2025-10-24,Passed,True,2025-10-30,2027-06-17,Complete,Infrastructure is operational.,2025-01-06,2025-06-02
P0344,Water Supply System Improvement Tanza,Water System,Development and improvement of public water facilities for communities in Tanza.,"Tanza, Cavite",Cavite Infrastructure Solutions,Engr. Daniel Bautista,6056000,5979000,Special Infrastructure Fund,Completed,2024-04-15,2024-08-30,2024-07-18,100.0,2026-06-19,Passed,False,2024-12-17,2026-11-28,Complete,Infrastructure is operational.,2024-03-05,2024-08-07
P0345,Road Improvement Tanza,Road,Rehabilitation and improvement of existing road facilities in Tanza.,"Tanza, Cavite",Cavite Prime Construction Corp.,Engr. Maria Reyes,5066000,4912000,Department of Public Works and Highways,Ongoing,2026-05-14,2026-10-16,,89.7,2026-09-14,Passed,False,,,Under Review,Construction activities are proceeding normally.,2026-03-30,2026-07-10
P0346,Riverbank Protection Project Imus,Flood Control,Construction of flood mitigation infrastructure to protect communities in Imus.,"Imus, Cavite",Southern Star Construction Corp.,Engr. Angela Cruz,18703000,18077000,National Government Fund,Completed,2026-02-17,2026-11-12,2026-10-30,100.0,2026-05-26,Passed,False,2026-10-30,2027-06-15,Complete,Project turned over to the local government.,2025-12-10,2026-01-22
P0347,Road Widening Dasmariñas,Road,Rehabilitation and improvement of existing road facilities in Dasmariñas.,"Dasmariñas, Cavite",Cavite Prime Construction Corp.,Engr. Daniel Bautista,12775000,12713000,Local Government Fund,Completed,2025-08-30,2026-04-29,2026-04-02,100.0,2026-07-25,Passed,False,2026-07-26,2026-12-06,Complete,Project turned over to the local government.,2025-08-16,2026-02-04
P0348,Bridge Improvement Trece Martires,Bridge,Structural repair and improvement of bridge facilities serving communities in Trece Martires.,"Trece Martires, Cavite",Greenfield Engineering and Construction,Engr. Carlo Mendoza,33174000,5647000,Local Government Fund,Ongoing,2026-08-20,2027-09-18,,10.0,2026-08-22,Passed,False,,,Complete,Project is undergoing regular monitoring.,2026-05-26,2026-05-31
P0349,Bridge Improvement Dasmariñas,Bridge,Structural repair and improvement of bridge facilities serving communities in Dasmariñas.,"Dasmariñas, Cavite",Provincial Builders and Engineering,Engr. Patricia Ramos,34449000,27341000,Calabarzon Development Fund,Delayed,2026-04-20,2026-10-06,,74.0,2026-05-06,For Review,True,,,Under Review,Construction delayed due to material delivery issues.,2026-04-05,2026-05-26
P0350,Community Water System Tagaytay,Water System,Development and improvement of public water facilities for communities in Tagaytay.,"Tagaytay, Cavite",MetroBuild Construction Services,Engr. Daniel Bautista,9824000,7971000,National Government Fund,Ongoing,2025-12-01,2027-01-19,,73.7,2026-03-20,For Review,False,,,Under Review,Construction progressing according to schedule.,2025-11-09,2026-03-29
P0351,Community Water System Naic,Water System,Development and improvement of public water facilities for communities in Naic.,"Naic, Cavite",MetroBuild Construction Services,Engr. Maria Reyes,6500000,6261000,Calabarzon Development Fund,Ongoing,2024-09-06,2025-10-28,,95.0,2026-05-26,Passed,False,,,Under Review,Construction progressing according to schedule.,2024-08-30,2024-09-06
P0352,Water Distribution Network Silang,Water System,Development and improvement of public water facilities for communities in Silang.,"Silang, Cavite",Southern Star Construction Corp.,Engr. Maria Reyes,8092000,4357000,Calabarzon Development Fund,Ongoing,2026-04-06,2027-04-04,,51.6,2026-08-17,Passed,False,,,Complete,Construction progressing according to schedule.,2026-01-13,2026-04-15
P0353,Stormwater Drainage Project Kawit,Drainage,Construction and improvement of drainage infrastructure to reduce localized flooding in Kawit.,"Kawit, Cavite",Greenfield Engineering and Construction,Engr. Sofia Navarro,14839000,435000,Calabarzon Development Fund,Planning,2026-11-30,2027-05-18,,0.0,,Not Yet Inspected,False,,,Complete,Technical plans are being prepared.,2026-09-15,2026-09-23
P0354,Water Supply System Improvement Silang,Water System,Development and improvement of public water facilities for communities in Silang.,"Silang, Cavite",Luzon Development Contractors,Engr. Angela Cruz,12463000,60000,Local Development Fund,Planning,2026-10-29,2027-04-05,,5.0,,Not Yet Inspected,False,,,Under Preparation,Project proposal under evaluation.,2026-08-01,2026-08-24
P0355,Stormwater Drainage Project Rosario,Drainage,Construction and improvement of drainage infrastructure to reduce localized flooding in Rosario.,"Rosario, Cavite",Cavite Infrastructure Solutions,Engr. Daniel Bautista,4253000,3854000,National Government Fund,Completed,2026-02-15,2027-02-02,2026-06-07,100.0,2026-07-02,Passed,False,2026-08-08,2027-08-18,Complete,Project completed according to approved plans.,2026-01-09,2026-08-24
P0356,Water Distribution Network Tagaytay,Water System,Development and improvement of public water facilities for communities in Tagaytay.,"Tagaytay, Cavite",MetroBuild Construction Services,Engr. Angela Cruz,8557000,7833000,Special Infrastructure Fund,Ongoing,2024-04-22,2025-02-02,,95.0,2024-11-12,Passed,False,,,Under Review,Project is undergoing regular monitoring.,2024-04-09,2025-06-29
P0357,Public Health Center Construction Kawit,Building,Construction or renovation of a public facility to improve government services in Kawit.,"Kawit, Cavite",Southern Star Construction Corp.,Engr. Daniel Bautista,34340000,30640000,National Government Fund,Ongoing,2025-04-13,2025-11-18,,95.0,2025-08-21,Passed,False,,,Under Review,Work is currently ongoing.,2025-03-23,2026-07-12
P0358,Drainage Improvement Silang,Drainage,Construction and improvement of drainage infrastructure to reduce localized flooding in Silang.,"Silang, Cavite",Southern Star Construction Corp.,Engr. Roberto Garcia,13867000,13442000,Local Government Fund,Completed,2026-03-19,2027-06-08,2027-04-26,100.0,2026-08-07,For Review,True,2027-04-26,2027-08-22,Complete,Final inspection completed successfully.,2025-12-27,2026-08-26
P0359,Community Water System Carmona,Water System,Development and improvement of public water facilities for communities in Carmona.,"Carmona, Cavite",Cavite Prime Construction Corp.,Engr. Daniel Bautista,13692000,13788000,Special Infrastructure Fund,Completed,2024-09-10,2025-06-24,2025-03-30,100.0,2026-05-08,Needs Corrective Action,False,2025-04-04,2027-06-29,Complete,Project completed according to approved plans.,2024-07-05,2026-07-26
P0360,Municipal Building Renovation Carmona,Building,Construction or renovation of a public facility to improve government services in Carmona.,"Carmona, Cavite",Luzon Development Contractors,Engr. Carlo Mendoza,10243000,10144000,Calabarzon Development Fund,Completed,2025-04-08,2026-04-16,2025-11-07,100.0,2026-05-29,Needs Corrective Action,True,2026-04-07,2027-03-30,Archived,Project completed according to approved plans.,2025-03-30,2026-08-03
P0361,Public School Building Construction Carmona,Building,Construction or renovation of a public facility to improve government services in Carmona.,"Carmona, Cavite",Luzon Development Contractors,Engr. Daniel Bautista,31603000,29980000,Department of Public Works and Highways,Completed,2025-04-10,2026-04-02,2025-09-17,100.0,2026-04-24,Passed,False,2025-09-17,2027-01-03,Complete,Project turned over to the local government.,2025-01-26,2025-02-28
P0362,Water Distribution Network Naic,Water System,Development and improvement of public water facilities for communities in Naic.,"Naic, Cavite",MetroBuild Construction Services,Engr. Maria Reyes,16036000,14538000,Special Infrastructure Fund,Completed,2024-07-31,2025-01-08,2024-12-10,100.0,2026-06-21,Passed,True,2026-01-06,2027-06-03,Complete,Project completed according to approved plans.,2024-06-08,2025-06-18
P0363,Water Supply System Improvement Bacoor,Water System,Development and improvement of public water facilities for communities in Bacoor.,"Bacoor, Cavite",Luzon Development Contractors,Engr. Daniel Bautista,14736000,8222000,Department of Public Works and Highways,Delayed,2024-09-01,2025-10-02,,52.0,2026-04-18,For Review,False,,,Pending Documents,Construction delayed due to material delivery issues.,2024-07-15,2025-07-11
P0364,Road Rehabilitation Tagaytay,Road,Rehabilitation and improvement of existing road facilities in Tagaytay.,"Tagaytay, Cavite",Southern Star Construction Corp.,Engr. Maria Reyes,7454000,7067000,Local Government Fund,Ongoing,2025-05-12,2026-05-23,,95.0,2026-04-24,For Review,False,,,Under Review,Construction activities are proceeding normally.,2025-04-27,2025-11-05
P0365,Public Health Center Construction Silang,Building,Construction or renovation of a public facility to improve government services in Silang.,"Silang, Cavite",MetroBuild Construction Services,Engr. Sofia Navarro,15450000,8985000,Department of Public Works and Highways,Delayed,2024-03-19,2024-09-10,,55.0,2025-08-09,Passed,False,,,Pending Documents,Project delayed due to weather conditions.,2024-02-04,2025-04-05
P0366,Municipal Building Renovation Carmona,Building,Construction or renovation of a public facility to improve government services in Carmona.,"Carmona, Cavite",MetroBuild Construction Services,Engr. Roberto Garcia,8595000,8563000,National Government Fund,Completed,2024-10-25,2025-05-29,2025-01-31,100.0,2026-04-10,Passed,False,2026-01-17,2027-05-14,Complete,Infrastructure is operational.,2024-08-21,2025-06-28
P0367,Drainage Improvement Tanza,Drainage,Construction and improvement of drainage infrastructure to reduce localized flooding in Tanza.,"Tanza, Cavite",MetroBuild Construction Services,Engr. Carlo Mendoza,6413000,6254000,National Government Fund,Ongoing,2024-10-22,2025-03-15,,95.0,2026-07-17,For Review,False,,,Under Review,Work is currently ongoing.,2024-09-23,2026-09-18
P0368,Road Rehabilitation Tagaytay,Road,Rehabilitation and improvement of existing road facilities in Tagaytay.,"Tagaytay, Cavite",South Luzon Infrastructure Builders,Engr. Adrian Santos,8690000,8408000,Local Development Fund,Completed,2025-03-27,2025-12-05,2025-09-27,100.0,2025-05-01,Passed,False,2025-12-11,2027-06-06,Complete,Final inspection completed successfully.,2025-01-11,2025-11-15
P0369,Public Health Center Construction Tanza,Building,Construction or renovation of a public facility to improve government services in Tanza.,"Tanza, Cavite",Southern Star Construction Corp.,Engr. Patricia Ramos,34341000,26202000,Calabarzon Development Fund,Delayed,2024-06-08,2024-10-08,,79.0,2026-05-31,Passed,False,,,Pending Documents,Construction delayed due to material delivery issues.,2024-03-21,2026-04-06
P0370,Road Improvement Dasmariñas,Road,Rehabilitation and improvement of existing road facilities in Dasmariñas.,"Dasmariñas, Cavite",Luzon Development Contractors,Engr. Angela Cruz,13033000,12544000,Local Government Fund,Ongoing,2025-07-18,2026-01-13,,95.0,2026-03-03,Passed,False,,,Pending Documents,Work is currently ongoing.,2025-04-28,2025-12-11
P0371,Road Improvement Trece Martires,Road,Rehabilitation and improvement of existing road facilities in Trece Martires.,"Trece Martires, Cavite",Cavite Infrastructure Solutions,Engr. Adrian Santos,8889000,8339000,Department of Public Works and Highways,Completed,2024-03-30,2025-04-16,2025-01-15,100.0,2025-12-09,Passed,True,2026-01-19,2027-06-19,Complete,Infrastructure is operational.,2024-02-05,2025-03-06
P0372,Stormwater Drainage Project Silang,Drainage,Construction and improvement of drainage infrastructure to reduce localized flooding in Silang.,"Silang, Cavite",MetroBuild Construction Services,Engr. Maria Reyes,5588000,3141000,National Government Fund,Delayed,2026-06-14,2027-07-26,,50.0,2026-09-16,Needs Corrective Action,False,,,Under Review,Construction delayed due to material delivery issues.,2026-04-14,2026-07-29
P0373,Bridge Repair Tanza,Bridge,Structural repair and improvement of bridge facilities serving communities in Tanza.,"Tanza, Cavite",Southern Star Construction Corp.,Engr. Carlo Mendoza,47326000,23876000,National Government Fund,Delayed,2025-06-21,2026-04-08,,49.0,2025-12-30,Passed,False,,,Under Review,Project schedule extended due to site conditions.,2025-05-23,2026-03-03
P0374,Bridge Repair Silang,Bridge,Structural repair and improvement of bridge facilities serving communities in Silang.,"Silang, Cavite",Luzon Development Contractors,Engr. Daniel Bautista,22157000,21428000,National Government Fund,Completed,2024-02-13,2024-11-13,2024-10-09,100.0,2025-06-01,Passed,False,2025-03-15,2027-04-11,Complete,Infrastructure is operational.,2024-01-22,2025-11-21
P0375,Public Health Center Construction Dasmariñas,Building,Construction or renovation of a public facility to improve government services in Dasmariñas.,"Dasmariñas, Cavite",Cavite Prime Construction Corp.,Engr. Roberto Garcia,9802000,9332000,National Government Fund,Ongoing,2024-10-10,2025-10-17,,95.0,2026-05-28,Passed,False,,,Under Review,Project is undergoing regular monitoring.,2024-09-18,2025-10-05
P0376,Flood Control Improvement Bacoor,Flood Control,Construction of flood mitigation infrastructure to protect communities in Bacoor.,"Bacoor, Cavite",South Luzon Infrastructure Builders,Engr. Angela Cruz,13745000,6870000,Calabarzon Development Fund,Ongoing,2026-06-18,2026-12-24,,52.2,2026-09-07,For Review,False,,,Under Review,Construction activities are proceeding normally.,2026-04-05,2026-09-15
P0377,Bridge Rehabilitation Rosario,Bridge,Structural repair and improvement of bridge facilities serving communities in Rosario.,"Rosario, Cavite",MetroBuild Construction Services,Engr. Roberto Garcia,43073000,42306000,Department of Public Works and Highways,Completed,2025-07-10,2026-04-21,2025-12-27,100.0,2025-12-11,Passed,False,2026-06-30,2027-01-16,Archived,Project turned over to the local government.,2025-06-15,2025-06-21
P0378,Municipal Building Renovation Tagaytay,Building,Construction or renovation of a public facility to improve government services in Tagaytay.,"Tagaytay, Cavite",South Luzon Infrastructure Builders,Engr. Maria Reyes,12173000,6517000,National Government Fund,Delayed,2024-06-15,2024-12-04,,58.0,2024-12-24,For Review,False,,,Pending Documents,Project delayed due to weather conditions.,2024-04-16,2025-07-31
P0379,Road Improvement Tagaytay,Road,Rehabilitation and improvement of existing road facilities in Tagaytay.,"Tagaytay, Cavite",MetroBuild Construction Services,Engr. Angela Cruz,22795000,21330000,Department of Public Works and Highways,Ongoing,2025-01-06,2025-07-16,,95.0,2025-12-22,Passed,False,,,Pending Documents,Construction progressing according to schedule.,2024-12-02,2025-04-12
P0380,Bridge Rehabilitation Bacoor,Bridge,Structural repair and improvement of bridge facilities serving communities in Bacoor.,"Bacoor, Cavite",Luzon Development Contractors,Engr. Adrian Santos,10752000,5241000,Local Government Fund,Delayed,2025-03-11,2025-09-04,,49.0,2026-05-26,Passed,True,,,Pending Documents,Project delayed due to weather conditions.,2025-01-03,2025-05-04
P0381,Flood Control Drainage Dasmariñas,Drainage,Construction and improvement of drainage infrastructure to reduce localized flooding in Dasmariñas.,"Dasmariñas, Cavite",Greenfield Engineering and Construction,Engr. Maria Reyes,5465000,5509000,Local Government Fund,Completed,2026-03-12,2026-09-11,2026-08-26,100.0,2026-04-28,Passed,True,2026-09-04,2027-04-19,Archived,Project turned over to the local government.,2026-01-19,2026-03-01
P0382,Flood Control Improvement Naic,Flood Control,Construction of flood mitigation infrastructure to protect communities in Naic.,"Naic, Cavite",MetroBuild Construction Services,Engr. Sofia Navarro,36883000,32106000,Calabarzon Development Fund,Ongoing,2024-07-15,2025-04-05,,95.0,2026-07-27,Passed,False,,,Pending Documents,Project is undergoing regular monitoring.,2024-05-23,2026-05-07
P0383,Road Widening Tagaytay,Road,Rehabilitation and improvement of existing road facilities in Tagaytay.,"Tagaytay, Cavite",Cavite Prime Construction Corp.,Engr. Maria Reyes,9551000,6763000,Department of Public Works and Highways,Delayed,2025-03-10,2025-10-25,,77.0,2026-01-25,Passed,True,,,Complete,Project schedule extended due to site conditions.,2025-01-16,2025-11-07
P0384,Barangay Hall Construction Kawit,Building,Construction or renovation of a public facility to improve government services in Kawit.,"Kawit, Cavite",Cavite Infrastructure Solutions,Engr. Carlo Mendoza,30709000,27480000,Local Government Fund,Ongoing,2025-09-06,2026-06-12,,95.0,2026-04-02,Passed,False,,,Complete,Construction progressing according to schedule.,2025-07-01,2026-06-13
P0385,Community Water System Trece Martires,Water System,Development and improvement of public water facilities for communities in Trece Martires.,"Trece Martires, Cavite",Greenfield Engineering and Construction,Engr. Patricia Ramos,6275000,5558000,National Government Fund,Ongoing,2025-03-24,2026-04-15,,95.0,2026-05-08,Passed,False,,,Pending Documents,Work is currently ongoing.,2025-03-09,2026-03-16
P0386,Riverbank Protection Project Imus,Flood Control,Construction of flood mitigation infrastructure to protect communities in Imus.,"Imus, Cavite",Provincial Builders and Engineering,Engr. Sofia Navarro,35545000,33199000,Special Infrastructure Fund,Ongoing,2025-03-10,2026-03-20,,95.0,2025-12-14,For Review,False,,,Under Review,Construction activities are proceeding normally.,2025-01-02,2026-09-11
P0387,Drainage Improvement Tanza,Drainage,Construction and improvement of drainage infrastructure to reduce localized flooding in Tanza.,"Tanza, Cavite",Cavite Infrastructure Solutions,Engr. Carlo Mendoza,10540000,9326000,Department of Public Works and Highways,Ongoing,2024-09-13,2025-09-18,,95.0,2024-12-23,Passed,False,,,Under Review,Construction progressing according to schedule.,2024-08-15,2025-09-10
P0388,Flood Mitigation Project Imus,Flood Control,Construction of flood mitigation infrastructure to protect communities in Imus.,"Imus, Cavite",South Luzon Infrastructure Builders,Engr. Daniel Bautista,38160000,35269000,Local Development Fund,Completed,2025-11-07,2026-11-28,2026-10-15,100.0,2026-07-19,Passed,False,2026-10-15,2027-05-22,Archived,Project completed according to approved plans.,2025-10-27,2026-06-04
P0389,Stormwater Drainage Project Tanza,Drainage,Construction and improvement of drainage infrastructure to reduce localized flooding in Tanza.,"Tanza, Cavite",Southern Star Construction Corp.,Engr. Sofia Navarro,13324000,12036000,Local Development Fund,Ongoing,2024-02-03,2024-08-31,,95.0,2026-01-26,Passed,False,,,Under Review,Project is undergoing regular monitoring.,2023-11-26,2024-07-07
P0390,Flood Control Improvement Naic,Flood Control,Construction of flood mitigation infrastructure to protect communities in Naic.,"Naic, Cavite",Cavite Prime Construction Corp.,Engr. Carlo Mendoza,32359000,342000,Department of Public Works and Highways,Planning,2026-12-07,2027-08-10,,5.0,,Not Yet Inspected,False,,,Pending Approval,Technical plans are being prepared.,2026-09-29,2026-09-29
P0391,Flood Control Drainage Rosario,Drainage,Construction and improvement of drainage infrastructure to reduce localized flooding in Rosario.,"Rosario, Cavite",Greenfield Engineering and Construction,Engr. Angela Cruz,8138000,242000,Calabarzon Development Fund,Planning,2026-12-27,2027-08-01,,0.0,,Not Yet Inspected,False,,,Pending Approval,Technical plans are being prepared.,2026-09-29,2026-09-29
P0392,Flood Control Drainage Imus,Drainage,Construction and improvement of drainage infrastructure to reduce localized flooding in Imus.,"Imus, Cavite",Southern Star Construction Corp.,Engr. Adrian Santos,7051000,3125000,Department of Public Works and Highways,Delayed,2024-03-08,2024-12-09,,52.0,2025-02-04,Passed,False,,,Under Review,Project schedule extended due to site conditions.,2024-01-27,2024-02-16
P0393,Public School Building Construction Kawit,Building,Construction or renovation of a public facility to improve government services in Kawit.,"Kawit, Cavite",Greenfield Engineering and Construction,Engr. Sofia Navarro,26228000,23788000,Calabarzon Development Fund,Ongoing,2024-04-10,2025-04-15,,95.0,2025-09-06,For Review,False,,,Complete,Construction activities are proceeding normally.,2024-02-17,2025-05-08
P0394,Road Widening Silang,Road,Rehabilitation and improvement of existing road facilities in Silang.,"Silang, Cavite",Southern Star Construction Corp.,Engr. Daniel Bautista,9518000,9058000,National Government Fund,Ongoing,2024-10-31,2025-12-18,,95.0,2025-02-02,Passed,False,,,Pending Documents,Construction activities are proceeding normally.,2024-09-20,2024-11-27
P0395,Drainage Improvement Trece Martires,Drainage,Construction and improvement of drainage infrastructure to reduce localized flooding in Trece Martires.,"Trece Martires, Cavite",MetroBuild Construction Services,Engr. Sofia Navarro,10961000,10277000,National Government Fund,Completed,2025-05-31,2026-02-28,2025-12-17,100.0,2025-12-29,Passed,False,2026-08-06,2027-09-04,Complete,Project completed according to approved plans.,2025-03-05,2026-08-15
P0396,Water Distribution Network Tanza,Water System,Development and improvement of public water facilities for communities in Tanza.,"Tanza, Cavite",Greenfield Engineering and Construction,Engr. Carlo Mendoza,17792000,17237000,Calabarzon Development Fund,Ongoing,2025-10-15,2026-11-11,,94.0,2026-07-31,Passed,True,,,Complete,Construction activities are proceeding normally.,2025-08-10,2025-10-24
P0397,Community Water System Kawit,Water System,Development and improvement of public water facilities for communities in Kawit.,"Kawit, Cavite",South Luzon Infrastructure Builders,Engr. Carlo Mendoza,17690000,13917000,National Government Fund,Ongoing,2026-05-30,2026-10-29,,82.4,2026-07-05,Passed,False,,,Pending Documents,Work is currently ongoing.,2026-04-02,2026-06-02
P0398,Road Widening Silang,Road,Rehabilitation and improvement of existing road facilities in Silang.,"Silang, Cavite",Southern Star Construction Corp.,Engr. Adrian Santos,23113000,20622000,Local Government Fund,Ongoing,2025-07-27,2026-07-05,,95.0,2025-12-13,Passed,False,,,Under Review,Work is currently ongoing.,2025-04-29,2025-06-11
P0399,Road Resurfacing Rosario,Road,Rehabilitation and improvement of existing road facilities in Rosario.,"Rosario, Cavite",South Luzon Infrastructure Builders,Engr. Roberto Garcia,18433000,17833000,Local Development Fund,Ongoing,2024-03-06,2025-01-28,,95.0,2025-04-16,Needs Corrective Action,False,,,Complete,Work is currently ongoing.,2024-02-14,2025-09-20
P0400,Road Widening Rosario,Road,Rehabilitation and improvement of existing road facilities in Rosario.,"Rosario, Cavite",Southern Star Construction Corp.,Engr. Daniel Bautista,16687000,9735000,Department of Public Works and Highways,Ongoing,2026-04-06,2027-01-11,,60.1,2026-06-05,Needs Corrective Action,False,,,Complete,Work is currently ongoing.,2026-03-03,2026-05-12
P0401,Flood Control Improvement Tanza,Flood Control,Construction of flood mitigation infrastructure to protect communities in Tanza.,"Tanza, Cavite",Cavite Prime Construction Corp.,Engr. Adrian Santos,25985000,24558000,Calabarzon Development Fund,Ongoing,2025-12-17,2026-06-12,,95.0,2026-05-08,For Review,False,,,Under Review,Project is undergoing regular monitoring.,2025-10-24,2026-03-30
P0402,Water Supply System Improvement Carmona,Water System,Development and improvement of public water facilities for communities in Carmona.,"Carmona, Cavite",Cavite Prime Construction Corp.,Engr. Daniel Bautista,13291000,7702000,Department of Public Works and Highways,Delayed,2025-11-18,2026-07-18,,61.0,2026-05-22,For Review,False,,,Pending Documents,Construction delayed due to material delivery issues.,2025-09-16,2026-04-02
P0403,Drainage Improvement General Trias,Drainage,Construction and improvement of drainage infrastructure to reduce localized flooding in General Trias.,"General Trias, Cavite",Provincial Builders and Engineering,Engr. Patricia Ramos,10576000,7739000,Calabarzon Development Fund,Ongoing,2026-05-30,2026-12-18,,67.1,2026-09-05,Passed,False,,,Under Review,Construction progressing according to schedule.,2026-03-22,2026-07-20
P0404,Barangay Hall Construction Bacoor,Building,Construction or renovation of a public facility to improve government services in Bacoor.,"Bacoor, Cavite",MetroBuild Construction Services,Engr. Adrian Santos,19364000,19122000,Local Development Fund,Completed,2025-06-02,2025-11-02,2025-10-15,100.0,2026-03-09,Passed,False,2025-10-29,2026-12-24,Archived,Final inspection completed successfully.,2025-03-07,2026-06-04
P0405,Bridge Improvement Silang,Bridge,Structural repair and improvement of bridge facilities serving communities in Silang.,"Silang, Cavite",Southern Star Construction Corp.,Engr. Carlo Mendoza,30655000,29940000,Department of Public Works and Highways,Ongoing,2024-03-25,2024-09-17,,95.0,2026-07-23,Passed,True,,,Pending Documents,Project is undergoing regular monitoring.,2024-02-07,2025-05-14
P0406,Bridge Improvement Rosario,Bridge,Structural repair and improvement of bridge facilities serving communities in Rosario.,"Rosario, Cavite",South Luzon Infrastructure Builders,Engr. Sofia Navarro,13376000,12628000,National Government Fund,Completed,2026-03-29,2026-12-18,2026-08-16,100.0,2026-07-07,For Review,False,2026-09-21,2027-03-22,Complete,Project completed according to approved plans.,2026-01-10,2026-05-07
P0407,Flood Control Drainage Bacoor,Drainage,Construction and improvement of drainage infrastructure to reduce localized flooding in Bacoor.,"Bacoor, Cavite",Southern Star Construction Corp.,Engr. Sofia Navarro,4791000,138000,Local Government Fund,Planning,2027-01-18,2027-10-18,,0.0,,Not Yet Inspected,False,,,Under Preparation,Project proposal under evaluation.,2026-09-29,2026-09-29
P0408,Bridge Improvement General Trias,Bridge,Structural repair and improvement of bridge facilities serving communities in General Trias.,"General Trias, Cavite",Provincial Builders and Engineering,Engr. Carlo Mendoza,29767000,11187000,Local Government Fund,Ongoing,2026-06-01,2027-02-12,,43.5,2026-09-18,Passed,False,,,Under Review,Work is currently ongoing.,2026-04-02,2026-05-18
P0409,Stormwater Drainage Project General Trias,Drainage,Construction and improvement of drainage infrastructure to reduce localized flooding in General Trias.,"General Trias, Cavite",Provincial Builders and Engineering,Engr. Daniel Bautista,9995000,9772000,Calabarzon Development Fund,Completed,2026-07-18,2027-03-22,2027-01-18,100.0,2026-07-28,Passed,True,2027-01-18,2027-05-12,Archived,Infrastructure is operational.,2026-06-14,2026-09-13
P0410,Riverbank Protection Project Imus,Flood Control,Construction of flood mitigation infrastructure to protect communities in Imus.,"Imus, Cavite",Provincial Builders and Engineering,Engr. Roberto Garcia,42725000,604000,Local Development Fund,Planning,2026-10-16,2027-02-26,,0.0,,Not Yet Inspected,False,,,Pending Approval,Project proposal under evaluation.,2026-09-29,2026-09-29
P0411,Community Water System Bacoor,Water System,Development and improvement of public water facilities for communities in Bacoor.,"Bacoor, Cavite",Provincial Builders and Engineering,Engr. Carlo Mendoza,7691000,5900000,Department of Public Works and Highways,Delayed,2025-07-26,2025-12-14,,82.0,2026-04-04,Needs Corrective Action,False,,,Complete,Project delayed due to weather conditions.,2025-06-09,2026-06-07
P0412,Road Resurfacing Dasmariñas,Road,Rehabilitation and improvement of existing road facilities in Dasmariñas.,"Dasmariñas, Cavite",Cavite Infrastructure Solutions,Engr. Sofia Navarro,23525000,15180000,National Government Fund,Delayed,2025-05-26,2026-02-13,,68.0,2026-08-17,Passed,False,,,Under Review,Additional corrective work is required.,2025-03-25,2025-09-09
P0413,Flood Mitigation Project Trece Martires,Flood Control,Construction of flood mitigation infrastructure to protect communities in Trece Martires.,"Trece Martires, Cavite",Southern Star Construction Corp.,Engr. Sofia Navarro,13801000,12724000,Local Development Fund,Completed,2024-02-24,2024-09-27,2024-06-12,100.0,2025-06-19,Passed,False,2025-09-01,2027-01-26,Complete,Project completed according to approved plans.,2023-12-23,2024-12-22
P0414,Road Widening Imus,Road,Rehabilitation and improvement of existing road facilities in Imus.,"Imus, Cavite",MetroBuild Construction Services,Engr. Daniel Bautista,8366000,7747000,Local Government Fund,Ongoing,2024-07-27,2025-04-18,,95.0,2025-05-02,Passed,False,,,Complete,Construction progressing according to schedule.,2024-05-14,2026-07-08
P0415,Bridge Repair Trece Martires,Bridge,Structural repair and improvement of bridge facilities serving communities in Trece Martires.,"Trece Martires, Cavite",Cavite Infrastructure Solutions,Engr. Carlo Mendoza,37252000,761000,Local Government Fund,Planning,2026-12-24,2027-04-29,,0.0,,Not Yet Inspected,False,,,Pending Approval,Technical plans are being prepared.,2026-09-29,2026-09-29
P0416,Road Improvement Carmona,Road,Rehabilitation and improvement of existing road facilities in Carmona.,"Carmona, Cavite",Cavite Infrastructure Solutions,Engr. Adrian Santos,16884000,15207000,Calabarzon Development Fund,Completed,2025-04-09,2026-06-24,2025-11-22,100.0,2025-05-23,Passed,False,2026-05-07,2027-09-15,Complete,Final inspection completed successfully.,2025-03-27,2026-01-10
P0417,Road Improvement Imus,Road,Rehabilitation and improvement of existing road facilities in Imus.,"Imus, Cavite",Southern Star Construction Corp.,Engr. Daniel Bautista,22310000,19629000,Calabarzon Development Fund,Ongoing,2024-07-01,2025-02-28,,95.0,2025-01-30,Passed,False,,,Under Review,Work is currently ongoing.,2024-06-09,2025-04-10
P0418,Flood Control Drainage Rosario,Drainage,Construction and improvement of drainage infrastructure to reduce localized flooding in Rosario.,"Rosario, Cavite",MetroBuild Construction Services,Engr. Daniel Bautista,9152000,8455000,Calabarzon Development Fund,Ongoing,2025-11-12,2026-04-30,,95.0,2026-05-29,Passed,False,,,Under Review,Construction progressing according to schedule.,2025-09-12,2026-03-19
P0419,Barangay Hall Construction Dasmariñas,Building,Construction or renovation of a public facility to improve government services in Dasmariñas.,"Dasmariñas, Cavite",Luzon Development Contractors,Engr. Angela Cruz,27268000,26515000,Special Infrastructure Fund,Ongoing,2025-04-19,2025-12-09,,95.0,2025-07-13,Passed,False,,,Under Review,Construction activities are proceeding normally.,2025-03-24,2025-08-01
P0420,Public Market Renovation Rosario,Building,Construction or renovation of a public facility to improve government services in Rosario.,"Rosario, Cavite",South Luzon Infrastructure Builders,Engr. Adrian Santos,21788000,270000,Local Government Fund,Planning,2026-10-20,2027-02-28,,0.0,,Not Yet Inspected,False,,,Pending Approval,Technical plans are being prepared.,2026-08-29,2026-09-14
P0421,Water Distribution Network Tanza,Water System,Development and improvement of public water facilities for communities in Tanza.,"Tanza, Cavite",Luzon Development Contractors,Engr. Patricia Ramos,11244000,10653000,National Government Fund,Ongoing,2024-07-05,2025-05-22,,95.0,2025-05-22,Passed,False,,,Pending Documents,Project is undergoing regular monitoring.,2024-04-10,2026-07-16
P0422,Bridge Rehabilitation Imus,Bridge,Structural repair and improvement of bridge facilities serving communities in Imus.,"Imus, Cavite",Southern Star Construction Corp.,Engr. Roberto Garcia,27352000,24676000,Special Infrastructure Fund,Completed,2025-09-10,2026-05-20,2026-01-05,100.0,2026-03-31,Passed,True,2026-09-06,2027-07-21,Archived,Infrastructure is operational.,2025-06-18,2026-06-24
P0423,Riverbank Protection Project Carmona,Flood Control,Construction of flood mitigation infrastructure to protect communities in Carmona.,"Carmona, Cavite",Greenfield Engineering and Construction,Engr. Daniel Bautista,21988000,20119000,Calabarzon Development Fund,Completed,2025-12-07,2026-10-25,2026-09-28,100.0,2025-12-14,Passed,False,2026-09-28,2026-12-11,Complete,Infrastructure is operational.,2025-09-08,2025-11-21
P0424,Flood Control Improvement Imus,Flood Control,Construction of flood mitigation infrastructure to protect communities in Imus.,"Imus, Cavite",Greenfield Engineering and Construction,Engr. Angela Cruz,12720000,11299000,Department of Public Works and Highways,Ongoing,2025-04-19,2025-10-31,,95.0,2025-09-22,Passed,False,,,Under Review,Project is undergoing regular monitoring.,2025-04-10,2026-07-14
P0425,Riverbank Protection Project Dasmariñas,Flood Control,Construction of flood mitigation infrastructure to protect communities in Dasmariñas.,"Dasmariñas, Cavite",Provincial Builders and Engineering,Engr. Sofia Navarro,26249000,24037000,Special Infrastructure Fund,Ongoing,2024-04-15,2025-07-01,,95.0,2025-09-04,Passed,False,,,Pending Documents,Construction activities are proceeding normally.,2024-04-04,2025-08-16
P0426,Flood Mitigation Project Rosario,Flood Control,Construction of flood mitigation infrastructure to protect communities in Rosario.,"Rosario, Cavite",Southern Star Construction Corp.,Engr. Patricia Ramos,35572000,21149000,Local Development Fund,Delayed,2026-07-15,2027-07-19,,59.0,2026-09-07,Passed,False,,,Under Review,Project schedule extended due to site conditions.,2026-05-09,2026-06-07
P0427,Community Water System Dasmariñas,Water System,Development and improvement of public water facilities for communities in Dasmariñas.,"Dasmariñas, Cavite",Provincial Builders and Engineering,Engr. Daniel Bautista,11572000,10714000,Calabarzon Development Fund,Ongoing,2026-01-13,2026-08-19,,95.0,2026-07-05,For Review,False,,,Pending Documents,Project is undergoing regular monitoring.,2025-12-21,2026-05-20
P0428,Water Distribution Network Tagaytay,Water System,Development and improvement of public water facilities for communities in Tagaytay.,"Tagaytay, Cavite",Provincial Builders and Engineering,Engr. Sofia Navarro,8108000,7969000,Department of Public Works and Highways,Completed,2026-03-29,2026-10-17,2026-09-14,100.0,2026-04-20,Passed,True,2026-09-20,2027-02-16,Archived,Infrastructure is operational.,2026-03-10,2026-09-29
P0429,Bridge Rehabilitation Naic,Bridge,Structural repair and improvement of bridge facilities serving communities in Naic.,"Naic, Cavite",Provincial Builders and Engineering,Engr. Maria Reyes,24282000,116000,Special Infrastructure Fund,Planning,2026-10-05,2027-05-04,,0.0,,Not Yet Inspected,False,,,Complete,Project proposal under evaluation.,2026-09-20,2026-09-25
P0430,Bridge Rehabilitation Naic,Bridge,Structural repair and improvement of bridge facilities serving communities in Naic.,"Naic, Cavite",Southern Star Construction Corp.,Engr. Maria Reyes,40775000,38928000,Local Government Fund,Ongoing,2024-09-21,2025-07-12,,95.0,2026-04-14,Passed,False,,,Pending Documents,Construction progressing according to schedule.,2024-09-08,2025-11-30
P0431,Flood Mitigation Project Imus,Flood Control,Construction of flood mitigation infrastructure to protect communities in Imus.,"Imus, Cavite",Cavite Infrastructure Solutions,Engr. Patricia Ramos,17513000,16010000,National Government Fund,Completed,2024-02-12,2025-02-25,2024-07-04,100.0,2024-09-09,For Review,True,2025-04-29,2027-07-12,Archived,Infrastructure is operational.,2024-01-24,2024-06-29
P0432,Road Widening Tanza,Road,Rehabilitation and improvement of existing road facilities in Tanza.,"Tanza, Cavite",MetroBuild Construction Services,Engr. Daniel Bautista,21696000,12926000,National Government Fund,Delayed,2026-02-26,2026-06-29,,60.0,2026-05-10,Passed,True,,,Under Review,Project schedule extended due to site conditions.,2026-01-04,2026-05-09
P0433,Bridge Repair Kawit,Bridge,Structural repair and improvement of bridge facilities serving communities in Kawit.,"Kawit, Cavite",Cavite Infrastructure Solutions,Engr. Daniel Bautista,41784000,31667000,National Government Fund,Delayed,2026-07-08,2027-06-27,,78.0,2026-07-11,Passed,False,,,Pending Documents,Project delayed due to weather conditions.,2026-06-21,2026-08-03
P0434,Barangay Hall Construction Kawit,Building,Construction or renovation of a public facility to improve government services in Kawit.,"Kawit, Cavite",Cavite Infrastructure Solutions,Engr. Patricia Ramos,32368000,29356000,Local Government Fund,Completed,2025-11-07,2027-01-29,2026-04-23,100.0,2026-09-26,Needs Corrective Action,False,2026-09-03,2027-04-28,Complete,Infrastructure is operational.,2025-08-22,2026-01-24
P0435,Flood Control Drainage Rosario,Drainage,Construction and improvement of drainage infrastructure to reduce localized flooding in Rosario.,"Rosario, Cavite",South Luzon Infrastructure Builders,Engr. Adrian Santos,10727000,8496000,Special Infrastructure Fund,Delayed,2025-12-18,2026-11-09,,73.0,2026-08-01,Passed,False,,,Pending Documents,Project schedule extended due to site conditions.,2025-11-16,2026-04-19
P0436,Stormwater Drainage Project Carmona,Drainage,Construction and improvement of drainage infrastructure to reduce localized flooding in Carmona.,"Carmona, Cavite",Luzon Development Contractors,Engr. Angela Cruz,14903000,13920000,Department of Public Works and Highways,Completed,2026-06-19,2026-12-20,2026-11-22,100.0,2026-06-30,Passed,False,2026-11-22,2027-05-21,Archived,Final inspection completed successfully.,2026-06-10,2026-06-13
P0437,Community Water System Naic,Water System,Development and improvement of public water facilities for communities in Naic.,"Naic, Cavite",Greenfield Engineering and Construction,Engr. Angela Cruz,12612000,11144000,Department of Public Works and Highways,Ongoing,2024-03-02,2025-01-06,,95.0,2026-04-15,Passed,True,,,Under Review,Construction progressing according to schedule.,2023-12-28,2024-12-09
P0438,Stormwater Drainage Project Trece Martires,Drainage,Construction and improvement of drainage infrastructure to reduce localized flooding in Trece Martires.,"Trece Martires, Cavite",Provincial Builders and Engineering,Engr. Maria Reyes,11572000,11136000,Local Government Fund,Completed,2026-01-02,2027-02-19,2026-06-12,100.0,2026-05-08,Passed,False,2026-07-06,2027-05-31,Complete,Project completed according to approved plans.,2025-12-08,2026-07-13
P0439,Road Improvement Bacoor,Road,Rehabilitation and improvement of existing road facilities in Bacoor.,"Bacoor, Cavite",Southern Star Construction Corp.,Engr. Sofia Navarro,15525000,14511000,Calabarzon Development Fund,Ongoing,2025-04-01,2025-09-07,,95.0,2026-09-14,For Review,False,,,Pending Documents,Project is undergoing regular monitoring.,2025-01-03,2026-03-12
P0440,Public Health Center Construction Bacoor,Building,Construction or renovation of a public facility to improve government services in Bacoor.,"Bacoor, Cavite",South Luzon Infrastructure Builders,Engr. Daniel Bautista,27022000,26075000,Local Government Fund,Ongoing,2025-05-11,2026-04-30,,95.0,2025-07-10,Passed,False,,,Complete,Work is currently ongoing.,2025-02-22,2026-03-07
P0441,Road Resurfacing Rosario,Road,Rehabilitation and improvement of existing road facilities in Rosario.,"Rosario, Cavite",Luzon Development Contractors,Engr. Roberto Garcia,11098000,10112000,National Government Fund,Ongoing,2025-06-19,2026-01-03,,95.0,2025-11-16,Passed,False,,,Complete,Project is undergoing regular monitoring.,2025-06-06,2026-09-28
P0442,Bridge Improvement Tanza,Bridge,Structural repair and improvement of bridge facilities serving communities in Tanza.,"Tanza, Cavite",Cavite Infrastructure Solutions,Engr. Daniel Bautista,44817000,561000,Local Development Fund,Planning,2027-02-18,2027-09-15,,0.0,,Not Yet Inspected,False,,,Complete,Technical plans are being prepared.,2026-09-29,2026-09-29
P0443,Water Distribution Network Bacoor,Water System,Development and improvement of public water facilities for communities in Bacoor.,"Bacoor, Cavite",Cavite Prime Construction Corp.,Engr. Sofia Navarro,16425000,16098000,Calabarzon Development Fund,Completed,2025-05-31,2026-08-19,2026-04-21,100.0,2025-08-15,For Review,False,2026-09-27,2027-06-25,Complete,Final inspection completed successfully.,2025-04-04,2026-03-17
P0444,Flood Control Drainage Imus,Drainage,Construction and improvement of drainage infrastructure to reduce localized flooding in Imus.,"Imus, Cavite",Greenfield Engineering and Construction,Engr. Sofia Navarro,10561000,10483000,Special Infrastructure Fund,Completed,2025-12-25,2026-05-06,2026-04-30,100.0,2026-06-01,Passed,True,2026-09-20,2027-01-10,Complete,Project completed according to approved plans.,2025-10-07,2026-07-01
P0445,Road Rehabilitation Trece Martires,Road,Rehabilitation and improvement of existing road facilities in Trece Martires.,"Trece Martires, Cavite",Cavite Prime Construction Corp.,Engr. Sofia Navarro,20735000,12011000,Local Government Fund,Delayed,2024-07-03,2024-11-09,,62.0,2026-06-25,For Review,False,,,Complete,Additional corrective work is required.,2024-05-06,2025-12-30
P0446,Stormwater Drainage Project Bacoor,Drainage,Construction and improvement of drainage infrastructure to reduce localized flooding in Bacoor.,"Bacoor, Cavite",Luzon Development Contractors,Engr. Daniel Bautista,6086000,1353000,Calabarzon Development Fund,Ongoing,2026-05-30,2027-06-24,,28.4,2026-06-11,Passed,False,,,Complete,Construction activities are proceeding normally.,2026-05-12,2026-06-20
P0447,Bridge Rehabilitation Rosario,Bridge,Structural repair and improvement of bridge facilities serving communities in Rosario.,"Rosario, Cavite",Greenfield Engineering and Construction,Engr. Angela Cruz,21921000,9115000,Local Development Fund,Delayed,2024-07-04,2024-11-14,,48.0,2024-11-26,Passed,False,,,Under Review,Project delayed due to weather conditions.,2024-06-21,2025-01-14
P0448,Flood Mitigation Project Kawit,Flood Control,Construction of flood mitigation infrastructure to protect communities in Kawit.,"Kawit, Cavite",South Luzon Infrastructure Builders,Engr. Angela Cruz,27339000,17364000,Special Infrastructure Fund,Delayed,2024-10-02,2025-03-02,,65.0,2026-02-09,Passed,False,,,Complete,Additional corrective work is required.,2024-07-17,2026-03-09
P0449,Water Supply System Improvement Silang,Water System,Development and improvement of public water facilities for communities in Silang.,"Silang, Cavite",Southern Star Construction Corp.,Engr. Roberto Garcia,8052000,8182000,Calabarzon Development Fund,Completed,2025-04-01,2025-09-10,2025-09-02,100.0,2026-04-18,Passed,True,2026-01-05,2027-08-30,Complete,Infrastructure is operational.,2025-03-20,2025-03-21
P0450,Bridge Rehabilitation Dasmariñas,Bridge,Structural repair and improvement of bridge facilities serving communities in Dasmariñas.,"Dasmariñas, Cavite",South Luzon Infrastructure Builders,Engr. Roberto Garcia,20036000,17207000,Local Government Fund,Delayed,2025-05-08,2026-01-22,,83.0,2025-11-03,For Review,False,,,Pending Documents,Additional corrective work is required.,2025-04-26,2025-10-08
P0451,Barangay Hall Construction Bacoor,Building,Construction or renovation of a public facility to improve government services in Bacoor.,"Bacoor, Cavite",Greenfield Engineering and Construction,Engr. Sofia Navarro,24482000,24847000,Special Infrastructure Fund,Completed,2024-10-13,2025-09-19,2025-03-05,100.0,2025-09-03,For Review,False,2025-11-27,2027-07-17,Complete,Final inspection completed successfully.,2024-08-26,2025-08-10
P0452,Drainage Improvement Carmona,Drainage,Construction and improvement of drainage infrastructure to reduce localized flooding in Carmona.,"Carmona, Cavite",South Luzon Infrastructure Builders,Engr. Maria Reyes,3051000,1277000,Special Infrastructure Fund,Ongoing,2026-08-02,2026-12-01,,49.7,2026-08-13,Passed,False,,,Pending Documents,Project is undergoing regular monitoring.,2026-06-06,2026-08-13
P0453,Road Improvement Trece Martires,Road,Rehabilitation and improvement of existing road facilities in Trece Martires.,"Trece Martires, Cavite",Cavite Prime Construction Corp.,Engr. Roberto Garcia,12159000,6631000,Calabarzon Development Fund,Ongoing,2026-04-12,2027-02-18,,59.7,2026-04-14,Passed,False,,,Complete,Project is undergoing regular monitoring.,2026-04-04,2026-05-30
P0454,Community Water System General Trias,Water System,Development and improvement of public water facilities for communities in General Trias.,"General Trias, Cavite",Cavite Prime Construction Corp.,Engr. Angela Cruz,19702000,572000,Calabarzon Development Fund,Planning,2026-12-17,2027-06-11,,0.0,,Not Yet Inspected,False,,,Under Preparation,Technical plans are being prepared.,2026-09-29,2026-09-29
P0455,Barangay Hall Construction Silang,Building,Construction or renovation of a public facility to improve government services in Silang.,"Silang, Cavite",Greenfield Engineering and Construction,Engr. Roberto Garcia,13232000,13082000,National Government Fund,Completed,2025-05-20,2025-12-13,2025-10-27,100.0,2026-04-29,Passed,False,2025-11-29,2027-09-25,Complete,Project completed according to approved plans.,2025-04-27,2026-01-17
P0456,Water Supply System Improvement Carmona,Water System,Development and improvement of public water facilities for communities in Carmona.,"Carmona, Cavite",Southern Star Construction Corp.,Engr. Sofia Navarro,18247000,16427000,Department of Public Works and Highways,Completed,2025-09-21,2026-05-28,2026-05-12,100.0,2026-04-27,Passed,False,2026-05-25,2027-05-12,Complete,Infrastructure is operational.,2025-08-10,2025-10-11
P0457,Flood Control Improvement Carmona,Flood Control,Construction of flood mitigation infrastructure to protect communities in Carmona.,"Carmona, Cavite",Greenfield Engineering and Construction,Engr. Angela Cruz,22436000,20486000,National Government Fund,Ongoing,2024-10-11,2025-09-11,,95.0,2025-09-18,Passed,False,,,Complete,Work is currently ongoing.,2024-08-11,2024-10-26
P0458,Stormwater Drainage Project Imus,Drainage,Construction and improvement of drainage infrastructure to reduce localized flooding in Imus.,"Imus, Cavite",Cavite Prime Construction Corp.,Engr. Patricia Ramos,8183000,7388000,Special Infrastructure Fund,Completed,2024-04-09,2024-08-21,2024-08-07,100.0,2026-07-04,Passed,False,2025-04-20,2027-04-03,Complete,Infrastructure is operational.,2024-03-03,2025-02-14
P0459,Bridge Rehabilitation Rosario,Bridge,Structural repair and improvement of bridge facilities serving communities in Rosario.,"Rosario, Cavite",Provincial Builders and Engineering,Engr. Maria Reyes,33157000,30182000,Local Government Fund,Completed,2026-02-21,2026-08-08,2026-07-18,100.0,2026-03-08,For Review,False,2026-07-26,2027-02-01,Complete,Infrastructure is operational.,2026-02-07,2026-04-25
P0460,Water Supply System Improvement Naic,Water System,Development and improvement of public water facilities for communities in Naic.,"Naic, Cavite",Southern Star Construction Corp.,Engr. Daniel Bautista,14260000,176000,Special Infrastructure Fund,Planning,2027-01-06,2027-08-16,,0.0,,Not Yet Inspected,False,,,Complete,Project proposal under evaluation.,2026-09-29,2026-09-29
P0461,Flood Control Improvement Tagaytay,Flood Control,Construction of flood mitigation infrastructure to protect communities in Tagaytay.,"Tagaytay, Cavite",Luzon Development Contractors,Engr. Patricia Ramos,29068000,28212000,Local Development Fund,Completed,2025-11-22,2026-04-04,2026-03-21,100.0,2026-01-16,Passed,False,2026-04-07,2027-09-27,Complete,Final inspection completed successfully.,2025-08-26,2026-05-13
P0462,Public School Building Construction Tanza,Building,Construction or renovation of a public facility to improve government services in Tanza.,"Tanza, Cavite",Luzon Development Contractors,Engr. Patricia Ramos,16415000,15068000,Department of Public Works and Highways,Ongoing,2024-05-20,2024-10-09,,95.0,2026-03-18,For Review,False,,,Pending Documents,Work is currently ongoing.,2024-04-25,2025-08-18
P0463,Drainage Improvement Naic,Drainage,Construction and improvement of drainage infrastructure to reduce localized flooding in Naic.,"Naic, Cavite",Greenfield Engineering and Construction,Engr. Sofia Navarro,5849000,5839000,Calabarzon Development Fund,Completed,2025-11-25,2026-06-07,2026-03-02,100.0,2026-09-07,For Review,False,2026-04-21,2027-03-10,Archived,Final inspection completed successfully.,2025-11-10,2026-05-03
P0464,Community Water System Rosario,Water System,Development and improvement of public water facilities for communities in Rosario.,"Rosario, Cavite",Greenfield Engineering and Construction,Engr. Sofia Navarro,19446000,18939000,Special Infrastructure Fund,Completed,2026-05-22,2027-07-12,2027-06-05,100.0,2026-09-06,Passed,True,2027-06-05,2026-12-19,Complete,Final inspection completed successfully.,2026-05-15,2026-07-11
P0465,Bridge Rehabilitation Tanza,Bridge,Structural repair and improvement of bridge facilities serving communities in Tanza.,"Tanza, Cavite",MetroBuild Construction Services,Engr. Roberto Garcia,25036000,23735000,Local Development Fund,Completed,2026-09-02,2027-06-18,2027-06-08,100.0,2026-09-28,Needs Corrective Action,False,2027-06-08,2027-01-04,Complete,Project completed according to approved plans.,2026-06-16,2026-06-30
P0466,Bridge Improvement Rosario,Bridge,Structural repair and improvement of bridge facilities serving communities in Rosario.,"Rosario, Cavite",Cavite Prime Construction Corp.,Engr. Carlo Mendoza,17965000,7643000,Department of Public Works and Highways,Delayed,2025-01-03,2025-05-25,,46.0,2025-08-15,For Review,False,,,Under Review,Construction delayed due to material delivery issues.,2024-12-05,2025-06-23
P0467,Road Rehabilitation Trece Martires,Road,Rehabilitation and improvement of existing road facilities in Trece Martires.,"Trece Martires, Cavite",MetroBuild Construction Services,Engr. Carlo Mendoza,9205000,8470000,National Government Fund,Ongoing,2025-11-01,2026-04-26,,95.0,2026-05-09,For Review,False,,,Pending Documents,Project is undergoing regular monitoring.,2025-10-17,2025-12-16
P0468,Bridge Improvement Kawit,Bridge,Structural repair and improvement of bridge facilities serving communities in Kawit.,"Kawit, Cavite",Luzon Development Contractors,Engr. Carlo Mendoza,49079000,45611000,Special Infrastructure Fund,Completed,2024-11-21,2026-01-21,2025-09-26,100.0,2025-01-07,For Review,False,2026-06-27,2027-04-27,Complete,Project turned over to the local government.,2024-10-14,2024-12-07
P0469,Riverbank Protection Project General Trias,Flood Control,Construction of flood mitigation infrastructure to protect communities in General Trias.,"General Trias, Cavite",Southern Star Construction Corp.,Engr. Sofia Navarro,17525000,16589000,Local Development Fund,Completed,2026-03-14,2027-03-09,2026-07-15,100.0,2026-08-26,For Review,False,2026-09-19,2027-07-23,Complete,Project turned over to the local government.,2026-01-19,2026-06-02
P0470,Flood Control Drainage Kawit,Drainage,Construction and improvement of drainage infrastructure to reduce localized flooding in Kawit.,"Kawit, Cavite",South Luzon Infrastructure Builders,Engr. Carlo Mendoza,5486000,5527000,Local Government Fund,Completed,2026-03-20,2027-05-12,2026-07-06,100.0,2026-07-13,For Review,False,2026-08-14,2027-07-03,Complete,Final inspection completed successfully.,2026-01-25,2026-03-31
P0471,Stormwater Drainage Project Naic,Drainage,Construction and improvement of drainage infrastructure to reduce localized flooding in Naic.,"Naic, Cavite",Cavite Prime Construction Corp.,Engr. Carlo Mendoza,10454000,9585000,Local Development Fund,Ongoing,2025-08-20,2026-01-08,,95.0,2026-04-16,Passed,False,,,Under Review,Construction activities are proceeding normally.,2025-07-10,2026-01-21
P0472,Bridge Repair Trece Martires,Bridge,Structural repair and improvement of bridge facilities serving communities in Trece Martires.,"Trece Martires, Cavite",Cavite Prime Construction Corp.,Engr. Angela Cruz,41435000,1152000,Department of Public Works and Highways,Planning,2026-10-22,2027-05-05,,0.0,,Not Yet Inspected,False,,,Under Preparation,Project proposal under evaluation.,2026-09-29,2026-09-29
P0473,Bridge Improvement Tagaytay,Bridge,Structural repair and improvement of bridge facilities serving communities in Tagaytay.,"Tagaytay, Cavite",Cavite Infrastructure Solutions,Engr. Daniel Bautista,34161000,27741000,Local Development Fund,Ongoing,2026-02-02,2026-10-20,,87.0,2026-09-08,For Review,False,,,Under Review,Construction progressing according to schedule.,2025-12-19,2026-05-12
P0474,Flood Mitigation Project Dasmariñas,Flood Control,Construction of flood mitigation infrastructure to protect communities in Dasmariñas.,"Dasmariñas, Cavite",South Luzon Infrastructure Builders,Engr. Patricia Ramos,19510000,18526000,National Government Fund,Ongoing,2025-06-08,2025-12-21,,95.0,2025-09-23,Passed,False,,,Pending Documents,Project is undergoing regular monitoring.,2025-04-03,2026-03-17
P0475,Municipal Building Renovation General Trias,Building,Construction or renovation of a public facility to improve government services in General Trias.,"General Trias, Cavite",Provincial Builders and Engineering,Engr. Daniel Bautista,11752000,3559000,Calabarzon Development Fund,Ongoing,2026-05-23,2027-07-02,,24.3,2026-08-09,Needs Corrective Action,True,,,Pending Documents,Construction activities are proceeding normally.,2026-04-03,2026-05-30
P0476,Public School Building Construction Silang,Building,Construction or renovation of a public facility to improve government services in Silang.,"Silang, Cavite",Provincial Builders and Engineering,Engr. Maria Reyes,32898000,29177000,Special Infrastructure Fund,Ongoing,2024-01-24,2025-03-09,,95.0,2026-09-25,Needs Corrective Action,False,,,Pending Documents,Project is undergoing regular monitoring.,2023-11-30,2025-01-21
P0477,Public Health Center Construction Tanza,Building,Construction or renovation of a public facility to improve government services in Tanza.,"Tanza, Cavite",Greenfield Engineering and Construction,Engr. Maria Reyes,16225000,14422000,Local Development Fund,Ongoing,2025-08-06,2026-07-23,,95.0,2026-07-17,Passed,True,,,Pending Documents,Project is undergoing regular monitoring.,2025-07-27,2025-10-30
P0478,Drainage Improvement General Trias,Drainage,Construction and improvement of drainage infrastructure to reduce localized flooding in General Trias.,"General Trias, Cavite",Provincial Builders and Engineering,Engr. Sofia Navarro,7424000,6468000,Calabarzon Development Fund,Ongoing,2025-06-20,2025-11-22,,95.0,2025-12-04,For Review,False,,,Complete,Construction progressing according to schedule.,2025-05-28,2026-02-26
P0479,Road Improvement General Trias,Road,Rehabilitation and improvement of existing road facilities in General Trias.,"General Trias, Cavite",Cavite Prime Construction Corp.,Engr. Carlo Mendoza,19193000,17700000,Local Development Fund,Ongoing,2024-07-29,2025-05-03,,95.0,2026-04-08,Passed,False,,,Complete,Project is undergoing regular monitoring.,2024-06-17,2025-01-09
P0480,Road Improvement Rosario,Road,Rehabilitation and improvement of existing road facilities in Rosario.,"Rosario, Cavite",Provincial Builders and Engineering,Engr. Angela Cruz,22585000,21574000,National Government Fund,Completed,2025-06-22,2026-04-06,2026-02-12,100.0,2026-04-12,Passed,True,2026-07-27,2027-07-19,Complete,Project turned over to the local government.,2025-04-26,2025-10-22
P0481,Flood Mitigation Project Kawit,Flood Control,Construction of flood mitigation infrastructure to protect communities in Kawit.,"Kawit, Cavite",Southern Star Construction Corp.,Engr. Daniel Bautista,15153000,5937000,Special Infrastructure Fund,Ongoing,2026-07-21,2027-02-19,,36.0,2026-07-26,Passed,False,,,Under Review,Construction activities are proceeding normally.,2026-07-06,2026-08-02
P0482,Road Resurfacing Imus,Road,Rehabilitation and improvement of existing road facilities in Imus.,"Imus, Cavite",Cavite Prime Construction Corp.,Engr. Adrian Santos,14019000,13042000,Department of Public Works and Highways,Completed,2025-05-31,2026-03-13,2025-12-11,100.0,2026-02-14,Passed,True,2026-08-04,2027-06-11,Complete,Infrastructure is operational.,2025-04-30,2026-06-10
P0483,Road Widening Tagaytay,Road,Rehabilitation and improvement of existing road facilities in Tagaytay.,"Tagaytay, Cavite",MetroBuild Construction Services,Engr. Roberto Garcia,6365000,6147000,Local Government Fund,Completed,2025-04-20,2026-04-23,2026-03-12,100.0,2025-12-24,Passed,False,2026-07-10,2027-04-19,Complete,Final inspection completed successfully.,2025-04-11,2025-07-22
P0484,Flood Mitigation Project Kawit,Flood Control,Construction of flood mitigation infrastructure to protect communities in Kawit.,"Kawit, Cavite",Cavite Prime Construction Corp.,Engr. Maria Reyes,17065000,15519000,Local Development Fund,Ongoing,2025-11-18,2026-03-23,,95.0,2026-03-08,Passed,False,,,Pending Documents,Work is currently ongoing.,2025-09-16,2026-09-07
P0485,Community Water System Tanza,Water System,Development and improvement of public water facilities for communities in Tanza.,"Tanza, Cavite",Cavite Prime Construction Corp.,Engr. Daniel Bautista,16507000,460000,Local Government Fund,Planning,2026-10-02,2027-02-11,,5.0,,Not Yet Inspected,False,,,Pending Approval,Awaiting final approval and funding allocation.,2026-08-31,2026-09-02
P0486,Road Resurfacing General Trias,Road,Rehabilitation and improvement of existing road facilities in General Trias.,"General Trias, Cavite",Greenfield Engineering and Construction,Engr. Angela Cruz,20938000,20931000,Special Infrastructure Fund,Completed,2024-03-05,2024-10-23,2024-06-27,100.0,2024-08-23,Passed,True,2025-12-03,2027-01-22,Complete,Project turned over to the local government.,2023-12-18,2025-09-19
P0487,Municipal Building Renovation Imus,Building,Construction or renovation of a public facility to improve government services in Imus.,"Imus, Cavite",Cavite Infrastructure Solutions,Engr. Adrian Santos,8405000,7917000,Local Government Fund,Ongoing,2024-04-18,2025-02-14,,95.0,2024-04-30,Passed,False,,,Complete,Construction activities are proceeding normally.,2024-01-19,2025-10-18
P0488,Bridge Repair Silang,Bridge,Structural repair and improvement of bridge facilities serving communities in Silang.,"Silang, Cavite",MetroBuild Construction Services,Engr. Patricia Ramos,41650000,42094000,Calabarzon Development Fund,Completed,2025-05-26,2025-11-14,2025-10-31,100.0,2026-03-13,Passed,False,2026-09-03,2027-05-13,Archived,Infrastructure is operational.,2025-05-02,2026-04-07
P0489,Barangay Hall Construction Tagaytay,Building,Construction or renovation of a public facility to improve government services in Tagaytay.,"Tagaytay, Cavite",South Luzon Infrastructure Builders,Engr. Roberto Garcia,21798000,485000,National Government Fund,Planning,2027-02-27,2027-10-19,,5.0,,Not Yet Inspected,False,,,Complete,Project proposal under evaluation.,2026-09-29,2026-09-29
P0490,Community Water System General Trias,Water System,Development and improvement of public water facilities for communities in General Trias.,"General Trias, Cavite",Cavite Infrastructure Solutions,Engr. Adrian Santos,12481000,11535000,Special Infrastructure Fund,Completed,2024-03-02,2024-09-08,2024-07-17,100.0,2025-03-21,Passed,True,2026-07-29,2027-07-13,Archived,Project turned over to the local government.,2024-02-07,2024-11-17
P0491,Public Market Renovation Dasmariñas,Building,Construction or renovation of a public facility to improve government services in Dasmariñas.,"Dasmariñas, Cavite",Cavite Infrastructure Solutions,Engr. Carlo Mendoza,13557000,10516000,Local Development Fund,Ongoing,2026-01-20,2026-11-05,,84.7,2026-09-11,Passed,False,,,Pending Documents,Work is currently ongoing.,2025-10-28,2026-05-11
P0492,Water Supply System Improvement Imus,Water System,Development and improvement of public water facilities for communities in Imus.,"Imus, Cavite",Southern Star Construction Corp.,Engr. Roberto Garcia,14516000,13311000,National Government Fund,Completed,2024-03-12,2024-10-16,2024-06-23,100.0,2024-10-07,Passed,True,2026-01-06,2027-03-12,Complete,Project completed according to approved plans.,2024-01-11,2026-01-22
P0493,Water Supply System Improvement General Trias,Water System,Development and improvement of public water facilities for communities in General Trias.,"General Trias, Cavite",MetroBuild Construction Services,Engr. Sofia Navarro,13646000,13325000,Local Development Fund,Ongoing,2025-09-12,2026-05-17,,95.0,2025-12-24,Passed,False,,,Complete,Construction activities are proceeding normally.,2025-07-17,2026-01-26
P0494,Public School Building Construction Rosario,Building,Construction or renovation of a public facility to improve government services in Rosario.,"Rosario, Cavite",Luzon Development Contractors,Engr. Daniel Bautista,33751000,32328000,Local Development Fund,Completed,2026-02-17,2026-09-04,2026-08-30,100.0,2026-08-31,Passed,False,2026-09-23,2027-04-30,Archived,Final inspection completed successfully.,2025-12-02,2026-03-01
P0495,Stormwater Drainage Project Silang,Drainage,Construction and improvement of drainage infrastructure to reduce localized flooding in Silang.,"Silang, Cavite",Provincial Builders and Engineering,Engr. Daniel Bautista,4640000,4276000,Calabarzon Development Fund,Ongoing,2025-09-12,2026-09-13,,95.0,2025-11-30,For Review,True,,,Pending Documents,Construction activities are proceeding normally.,2025-07-05,2026-01-28
P0496,Stormwater Drainage Project Tanza,Drainage,Construction and improvement of drainage infrastructure to reduce localized flooding in Tanza.,"Tanza, Cavite",Southern Star Construction Corp.,Engr. Patricia Ramos,3466000,3367000,Calabarzon Development Fund,Ongoing,2025-08-25,2026-01-28,,95.0,2026-03-10,Needs Corrective Action,False,,,Under Review,Construction activities are proceeding normally.,2025-07-05,2026-03-22
P0497,Road Improvement Kawit,Road,Rehabilitation and improvement of existing road facilities in Kawit.,"Kawit, Cavite",Greenfield Engineering and Construction,Engr. Carlo Mendoza,23429000,22102000,Local Government Fund,Completed,2024-09-05,2025-09-04,2024-12-21,100.0,2026-08-29,Passed,False,2025-05-21,2027-04-10,Archived,Infrastructure is operational.,2024-08-11,2025-04-28
P0498,Road Rehabilitation Trece Martires,Road,Rehabilitation and improvement of existing road facilities in Trece Martires.,"Trece Martires, Cavite",Provincial Builders and Engineering,Engr. Roberto Garcia,16723000,16859000,Calabarzon Development Fund,Completed,2025-01-28,2025-12-17,2025-10-25,100.0,2026-07-12,For Review,False,2026-01-17,2027-07-04,Complete,Project turned over to the local government.,2024-11-18,2026-05-17
P0499,Barangay Hall Construction Imus,Building,Construction or renovation of a public facility to improve government services in Imus.,"Imus, Cavite",Provincial Builders and Engineering,Engr. Daniel Bautista,15264000,14121000,Calabarzon Development Fund,Completed,2026-03-06,2026-12-27,2026-07-10,100.0,2026-09-13,Passed,False,2026-07-31,2027-08-06,Complete,Project completed according to approved plans.,2026-02-19,2026-09-05
P0500,Flood Control Drainage Kawit,Drainage,Construction and improvement of drainage infrastructure to reduce localized flooding in Kawit.,"Kawit, Cavite",Greenfield Engineering and Construction,Engr. Roberto Garcia,5376000,4785000,Local Development Fund,Ongoing,2025-01-18,2025-08-21,,95.0,2025-05-10,Passed,False,,,Complete,Work is currently ongoing.,2025-01-04,2025-07-10
